gene	label
A1BG	False
A1CF	True
A2M	False
AAGAB	False
AAMP	
AANAT	
AAR2	False
AARS1	
AARS2	
AASDHPPT	False
AATF	
ABAT	False
ABCA1	
ABCA2	False
ABCA4	
ABCB1	
ABCB11	
ABCB4	
ABCB5	
ABCB7	
ABCB8	
ABCC2	
ABCC8	
ABCC9	
ABCD1	
ABCD2	False
ABCD3	False
ABCD4	False
ABCE1	False
ABCF1	
ABCF3	False
ABCG1	False
ABCG4	False
ABCG5	False
ABCG8	
ABHD16A	False
ABHD5	False
ABI1	True
ABI2	False
ABI3	
ABI3BP	False
ABL1	True
ABL2	True
ABLIM1	False
ABLIM3	False
ABR	
ABRA	False
ABRAXAS1	True
ABRAXAS2	False
ABT1	False
ABTB1	False
ABTB2	
ACAA2	False
ACACA	False
ACACB	False
ACADM	
ACAN	
ACAP1	
ACAP3	False
ACAT2	False
ACBD3	False
ACCS	
ACD	
ACE	
ACE2	False
ACHE	
ACIN1	False
ACKR1	False
ACKR4	False
ACLY	
ACMSD	False
ACO2	
ACOT7	False
ACOX1	
ACOX3	False
ACP1	False
ACP3	False
ACP5	False
ACP6	False
ACR	False
ACSL3	True
ACSL6	
ACSS2	False
ACTA1	
ACTA2	
ACTB	
ACTC1	
ACTG1	True
ACTG2	False
ACTL6A	
ACTL6B	
ACTL7A	False
ACTN1	False
ACTN2	
ACTN3	False
ACTN4	
ACTR10	False
ACTR1A	False
ACTR1B	False
ACTR2	False
ACTR3	False
ACTR3B	False
ACTR8	False
ACVR1	True
ACVR1B	True
ACVR1C	False
ACVR2A	True
ACVR2B	
ACVRL1	
ACY1	
ADA	False
ADAM10	
ADAM11	False
ADAM12	
ADAM15	False
ADAM17	
ADAM19	False
ADAM2	
ADAM22	
ADAM23	
ADAM28	False
ADAM33	
ADAM9	
ADAMTS1	
ADAMTS13	
ADAMTS4	False
ADAMTS5	
ADAMTSL4	
ADAP1	False
ADAP2	False
ADAR	False
ADCK1	
ADCY1	
ADCY10	False
ADCY2	
ADCY3	
ADCY5	
ADCY6	
ADCY7	
ADCY8	
ADCYAP1	
ADCYAP1R1	False
ADD1	False
ADD2	
ADD3	
ADGRA3	False
ADGRB1	False
ADGRB2	False
ADGRE5	
ADGRL1	
ADGRL2	
ADH5	
ADI1	False
ADIPOQ	
ADIPOR1	
ADIPOR2	False
ADM	False
ADORA1	False
ADORA2A	False
ADORA2B	False
ADPGK	False
ADPRS	False
ADRA1A	
ADRA1B	
ADRA1D	False
ADRA2A	False
ADRA2B	False
ADRA2C	False
ADRB1	False
ADRB2	
ADRB3	
ADRM1	False
ADSS2	False
AEBP1	False
AEBP2	False
AFAP1	False
AFAP1L2	
AFDN	True
AFF1	True
AFF4	True
AFG3L2	
AFP	
AFTPH	False
AGA	
AGAP1	False
AGAP2	
AGER	
AGFG1	False
AGFG2	False
AGGF1	
AGK	False
AGL	
AGO1	True
AGO2	
AGPS	
AGR2	False
AGR3	False
AGRN	False
AGRP	
AGT	
AGTPBP1	False
AGTR1	
AGTR2	
AGTRAP	False
AGXT	
AHCYL1	False
AHDC1	False
AHNAK	
AHR	
AHRR	False
AHSA1	
AHSA2P	False
AHSG	False
AHSP	False
AICDA	
AIF1	False
AIFM1	
AIMP1	False
AIMP2	False
AIP	
AIPL1	
AIRE	
AJAP1	
AJUBA	True
AK1	
AK2	
AK5	False
AK9	False
AKAP1	False
AKAP10	
AKAP11	
AKAP12	
AKAP13	
AKAP14	False
AKAP17A	False
AKAP2	False
AKAP3	False
AKAP4	False
AKAP5	False
AKAP6	
AKAP7	False
AKAP8	
AKAP8L	False
AKAP9	
AKIP1	False
AKIRIN2	False
AKR1A1	False
AKR1B1	False
AKR1C3	
AKR7A2	False
AKR7A3	False
AKT1	True
AKT1S1	
AKT2	True
AKT3	True
AKTIP	False
ALAS1	False
ALAS2	
ALB	
ALCAM	
ALDH2	
ALDH5A1	
ALDH7A1	False
ALDOA	
ALDOB	
ALDOC	False
ALG10	False
ALG10B	False
ALG13	False
ALG2	
ALG9	
ALK	True
ALMS1	
ALOX12	
ALOX12B	True
ALOX5	
ALOX5AP	
ALPG	False
ALPI	False
ALPL	
ALPP	False
ALS2	
ALS2CL	
ALX1	False
ALX4	
ALYREF	
AMBP	False
AMBRA1	
AMFR	
AMH	
AMHR2	
AMIGO1	False
AMIGO2	False
AMIGO3	False
AMN	
AMOT	
AMOTL2	False
AMPD1	False
AMPH	
AMY1A	False
AMY2A	False
ANAPC1	False
ANAPC10	False
ANAPC11	False
ANAPC16	False
ANAPC2	False
ANAPC5	False
ANAPC7	False
ANG	
ANGPT1	
ANGPT2	False
ANGPT4	False
ANGPTL1	False
ANGPTL3	
ANK1	True
ANK2	
ANK3	
ANKHD1	
ANKRA2	False
ANKRD1	
ANKRD11	True
ANKRD12	
ANKRD13A	
ANKRD13B	False
ANKRD13D	False
ANKRD2	False
ANKRD23	False
ANKRD27	False
ANKRD44	
ANKRD6	False
ANKRD7	
ANKS1A	False
ANKS1B	False
ANKS3	False
ANKS4B	False
ANKZF1	False
ANLN	
ANO8	False
ANOS1	
ANP32A	
ANP32B	
ANP32C	False
ANPEP	
ANTKMT	False
ANTXR1	
ANTXR2	
ANXA1	
ANXA11	False
ANXA13	False
ANXA2	
ANXA3	False
ANXA4	False
ANXA5	
ANXA6	False
ANXA7	False
ANXA9	False
AOC1	False
AOC3	False
AOX1	
AP1AR	False
AP1B1	
AP1G1	False
AP1G2	False
AP1M1	False
AP1M2	False
AP1S1	
AP1S2	
AP2A1	
AP2A2	False
AP2B1	False
AP2M1	False
AP2S1	False
AP3B1	
AP3B2	False
AP3D1	
AP3M1	False
AP3S1	False
AP3S2	False
AP4B1	False
AP4E1	
AP4M1	
AP5Z1	
APAF1	
APBA1	False
APBA2	False
APBA3	False
APBB1	False
APBB1IP	False
APBB2	False
APBB3	False
APC	True
APC2	
APCS	False
APEH	
APEX1	False
APEX2	False
APH1A	
APH1B	
API5	
APIP	False
APLF	False
APLN	False
APLNR	True
APLP1	False
APLP2	False
APMAP	
APOA1	
APOA2	False
APOA4	False
APOB	
APOBEC1	False
APOBEC2	
APOBEC3C	False
APOBEC3F	False
APOBEC3G	False
APOC1	False
APOC2	
APOD	False
APOE	
APOF	False
APOH	False
APOL1	
APOL2	
APOM	False
APP	
APPBP2	False
APPL1	
APPL2	False
APTX	
AQP1	False
AQP3	False
AQP4	
AQP5	False
AR	True
ARAF	True
ARAP1	False
ARC	False
ARCN1	False
AREG	
ARF1	
ARF3	False
ARF4	False
ARF5	False
ARF6	
ARFGAP1	False
ARFGAP3	False
ARFGEF1	False
ARFGEF2	
ARFIP1	False
ARFIP2	False
ARFRP1	
ARG1	
ARG2	False
ARHGAP1	False
ARHGAP10	False
ARHGAP15	False
ARHGAP17	False
ARHGAP18	False
ARHGAP19	False
ARHGAP21	
ARHGAP24	
ARHGAP26	True
ARHGAP27	False
ARHGAP29	False
ARHGAP33	False
ARHGAP35	True
ARHGAP4	
ARHGAP5	True
ARHGAP8	
ARHGAP9	
ARHGDIA	False
ARHGDIB	False
ARHGDIG	False
ARHGEF1	
ARHGEF10L	True
ARHGEF11	
ARHGEF12	True
ARHGEF15	False
ARHGEF18	
ARHGEF2	
ARHGEF3	
ARHGEF39	False
ARHGEF4	
ARHGEF5	False
ARHGEF6	
ARHGEF7	False
ARHGEF9	False
ARID1A	True
ARID1B	True
ARID2	True
ARID3A	True
ARID3B	True
ARID4A	True
ARID4B	True
ARID5A	
ARIH1	
ARIH2	False
ARL1	False
ARL11	
ARL14	False
ARL15	False
ARL2	False
ARL2BP	False
ARL3	False
ARL4A	False
ARL4C	False
ARL4D	False
ARL5A	False
ARL5B	False
ARL6	
ARL6IP1	False
ARL6IP4	False
ARL6IP5	False
ARL6IP6	False
ARL8B	False
ARMC7	False
ARMCX2	
ARMCX3	
ARNT	True
ARNT2	
ARNTL	
ARNTL2	False
ARPC1A	False
ARPC1B	
ARPC2	False
ARPC3	False
ARPC4	False
ARPC5	False
ARPC5L	False
ARR3	False
ARRB1	False
ARRB2	False
ARSA	
ARSF	False
ARSL	
ART1	False
ARTN	False
ARVCF	False
ASAH1	
ASAP1	
ASAP2	
ASAP3	False
ASB13	False
ASB16-AS1	False
ASB2	False
ASB4	False
ASB6	False
ASB8	False
ASB9	
ASCC1	
ASCC2	
ASCC3	
ASCL1	
ASCL2	False
ASCL3	False
ASCL4	False
ASF1A	False
ASF1B	False
ASGR1	False
ASGR2	False
ASH1L	
ASH2L	
ASIC1	False
ASIC2	False
ASIC3	False
ASIP	False
ASL	
ASMTL	
ASNS	
ASPH	False
ASPM	
ASS1	
ASXL2	True
ATAD2	
ATAD5	False
ATCAY	
ATF1	True
ATF2	
ATF3	
ATF4	
ATF5	
ATF6	False
ATF6B	False
ATF7	False
ATF7IP	
ATF7IP2	False
ATG10	
ATG12	
ATG16L1	
ATG3	
ATG4A	False
ATG4B	
ATG5	
ATG7	
ATG9A	False
ATL2	False
ATM	True
ATN1	
ATOH1	False
ATOX1	False
ATP1A1	True
ATP1A2	
ATP1A3	
ATP1B1	False
ATP1B2	False
ATP23	False
ATP2A1	False
ATP2A2	
ATP2A3	False
ATP2B1	False
ATP2B2	False
ATP2B4	
ATP4B	False
ATP5F1A	False
ATP5F1B	
ATP5F1C	False
ATP5IF1	False
ATP5MC3	False
ATP5MF	False
ATP5MG	False
ATP5MK	False
ATP5PD	
ATP6AP1	
ATP6AP2	
ATP6V0A2	
ATP6V0A4	
ATP6V0C	False
ATP6V0D1	False
ATP6V0E1	
ATP6V1A	False
ATP6V1B1	
ATP6V1D	False
ATP6V1E1	False
ATP6V1F	False
ATP6V1G1	False
ATP6V1G2	
ATP6V1H	False
ATP7A	
ATP7B	
ATPAF1	False
ATPAF2	False
ATR	True
ATRAID	False
ATRNL1	False
ATRX	True
ATXN1	
ATXN10	
ATXN2	True
ATXN2L	False
ATXN3	
ATXN7	True
ATXN7L1	False
ATXN7L2	False
ATXN7L3	False
AUP1	False
AURKA	True
AURKAIP1	False
AURKB	True
AURKC	False
AVEN	
AVIL	False
AVP	
AVPR1A	False
AVPR1B	False
AVPR2	
AXIN1	True
AXIN2	True
AXL	True
AZGP1	
AZI2	
AZU1	False
B2M	True
B3GALT4	False
B3GNT2	
B3GNT4	False
B3GNTL1	False
B4GALT1	
B4GALT3	
B9D1	False
BAALC	
BAAT	False
BABAM1	
BABAM2	
BACE1	False
BACE2	False
BACH1	
BACH2	True
BAD	
BAG1	
BAG2	False
BAG3	
BAG4	
BAG6	False
BAHCC1	False
BAHD1	False
BAIAP2	False
BAIAP2L1	False
BAIAP3	
BAK1	
BAMBI	False
BANF1	False
BANK1	
BANP	False
BAP1	True
BARD1	True
BARX2	False
BATF	
BATF2	
BATF3	
BAX	True
BAZ1A	True
BAZ1B	False
BAZ2A	
BAZ2B	
BBC3	True
BBLN	False
BBOX1	False
BBS2	
BBS4	
BCAM	False
BCAN	False
BCAP29	False
BCAP31	False
BCAR1	
BCAR3	False
BCAS1	False
BCAS2	False
BCAT1	False
BCCIP	False
BCHE	False
BCKDHA	
BCKDHB	
BCKDK	False
BCL10	True
BCL11A	True
BCL11B	True
BCL2	True
BCL2A1	
BCL2L1	
BCL2L10	
BCL2L11	True
BCL2L12	True
BCL2L13	False
BCL2L14	
BCL2L2	
BCL3	True
BCL6	True
BCL6B	False
BCL7A	True
BCL9	True
BCL9L	True
BCLAF1	True
BCOR	True
BCR	True
BCS1L	False
BDKRB1	
BDKRB2	
BDNF	
BDP1	False
BECN1	
BEGAIN	False
BEND2	False
BEND5	False
BEND7	False
BEST1	
BET1	False
BET1L	False
BEX1	
BEX2	
BEX3	
BFAR	False
BFSP1	False
BFSP2	
BGLAP	False
BGN	
BHLHA15	False
BHLHB9	False
BHLHE40	False
BHLHE41	
BICD1	False
BICD2	False
BICRAL	False
BID	
BIK	False
BIN1	
BIRC2	
BIRC3	True
BIRC5	
BIRC6	True
BIRC7	
BIRC8	
BLK	
BLM	True
BLMH	False
BLNK	
BLOC1S1	False
BLOC1S2	False
BLOC1S3	
BLOC1S4	False
BLOC1S5	False
BLOC1S6	
BLVRB	False
BLZF1	False
BMERB1	False
BMF	
BMI1	
BMP1	False
BMP15	
BMP2	
BMP2K	
BMP3	False
BMP4	
BMP5	True
BMP6	False
BMP7	
BMP8B	False
BMPER	False
BMPR1A	True
BMPR1B	False
BMPR2	
BMX	False
BNC2	
BNIP1	False
BNIP2	False
BNIP3	
BNIP3L	
BNIPL	False
BOC	
BOK	
BOLL	False
BOP1	
BORA	
BORCS5	False
BPGM	False
BPI	False
BPIFA1	False
BPTF	
BPY2	False
BPY2B	False
BPY2C	False
BRAF	True
BRAP	False
BRCA1	True
BRCA2	True
BRCC3	
BRD1	False
BRD2	
BRD3	True
BRD4	True
BRD7	
BRD8	
BRDT	
BRF1	False
BRF2	False
BRI3	False
BRINP1	False
BRIP1	True
BRIX1	
BRK1	False
BRME1	False
BRMS1	
BRMS1L	False
BRSK1	
BRSK2	False
BRWD1	False
BSCL2	
BSDC1	False
BSG	False
BSN	
BSPRY	
BST1	False
BTAF1	False
BTBD1	False
BTBD10	False
BTBD2	False
BTBD3	False
BTC	
BTF3	False
BTG1	True
BTG2	
BTG3	False
BTK	True
BTLA	
BTN1A1	False
BTRC	
BUB1	
BUB1B	True
BUB3	False
BYSL	
C10orf62	False
C10orf82	False
C10orf88	False
C11orf1	False
C11orf16	False
C11orf49	
C11orf54	False
C11orf58	False
C11orf65	False
C11orf68	False
C14orf119	False
C15orf39	False
C16orf74	False
C18orf25	False
C18orf54	False
C19orf25	False
C1D	False
C1GALT1C1	False
C1QA	False
C1QB	False
C1QBP	False
C1QC	False
C1QL3	False
C1QTNF1	
C1QTNF5	
C1R	False
C1RL	False
C1S	False
C1orf116	False
C1orf174	False
C1orf216	False
C1orf35	False
C1orf94	False
C2	False
C20orf27	False
C21orf91	False
C22orf46	False
C2CD2L	False
C2CD6	
C2orf88	False
C3	
C3AR1	
C4A	
C4B	
C4BPA	False
C4BPB	False
C4orf17	False
C5	False
C5AR1	False
C5AR2	False
C5orf22	False
C6	False
C6orf47	False
C6orf62	
C7	
C7orf25	False
C7orf26	False
C7orf50	False
C8A	False
C8B	False
C8G	False
C8orf33	False
C8orf48	False
C9	False
C9orf24	False
C9orf78	
CA12	False
CA2	
CA4	
CA6	False
CA8	False
CA9	False
CAAP1	False
CAB39	False
CABIN1	
CABLES1	
CABLES2	False
CABP1	False
CABP2	False
CABP4	False
CABYR	False
CACHD1	
CACNA1A	
CACNA1B	
CACNA1C	
CACNA1D	True
CACNA1E	
CACNA1F	
CACNA1G	False
CACNA1H	
CACNA1S	
CACNB1	False
CACNB2	
CACNB3	False
CACNB4	
CACNG2	
CACNG3	False
CACYBP	
CAD	
CADM1	False
CADM4	
CADPS	False
CADPS2	
CALB1	False
CALB2	
CALCA	
CALCOCO1	
CALCOCO2	False
CALCR	
CALCRL	False
CALD1	
CALM1	
CALM2	
CALM3	
CALML3	
CALML5	
CALR	True
CALU	False
CALY	False
CAMK1	False
CAMK1D	False
CAMK2A	
CAMK2B	
CAMK2D	
CAMK2G	
CAMK2N1	False
CAMK2N2	False
CAMK4	
CAMKK1	False
CAMKK2	
CAMKV	False
CAMLG	False
CAMP	False
CAMSAP3	False
CAMTA2	False
CAND1	False
CAND2	False
CANX	
CAP1	False
CAP2	
CAPG	
CAPN1	False
CAPN2	False
CAPN3	
CAPNS1	False
CAPNS2	False
CAPZA1	False
CAPZA2	False
CAPZA3	False
CAPZB	False
CARD10	
CARD11	True
CARD14	
CARD16	False
CARD17	False
CARD18	False
CARD19	False
CARD6	
CARD8	
CARD9	
CARF	
CARHSP1	False
CARM1	
CARNS1	
CARS1	True
CASC3	
CASK	
CASKIN1	
CASP1	
CASP10	
CASP14	False
CASP2	False
CASP3	True
CASP4	False
CASP5	False
CASP6	False
CASP7	
CASP8	True
CASP8AP2	
CASP9	True
CASQ2	False
CASR	
CAST	
CAT	
CATSPER1	
CAV1	
CAV2	
CAV3	
CAVIN1	
CAVIN2	False
CBFA2T2	False
CBFA2T3	True
CBFB	True
CBL	True
CBLB	True
CBLC	True
CBLIF	False
CBLL1	False
CBLN1	False
CBLN2	False
CBLN3	False
CBLN4	False
CBR1	False
CBR3	False
CBS	
CBWD2	False
CBWD5	False
CBX1	False
CBX2	
CBX3	False
CBX4	
CBX5	False
CBX7	
CBX8	False
CBY1	False
CBY2	False
CC2D1A	
CCAR1	
CCAR2	
CCDC106	False
CCDC107	
CCDC112	False
CCDC113	False
CCDC116	False
CCDC120	
CCDC127	False
CCDC134	False
CCDC136	False
CCDC137	False
CCDC14	False
CCDC141	False
CCDC158	False
CCDC17	False
CCDC174	False
CCDC181	False
CCDC183	False
CCDC185	False
CCDC197	False
CCDC22	False
CCDC33	False
CCDC42	False
CCDC47	False
CCDC50	False
CCDC6	True
CCDC7	False
CCDC85B	False
CCDC86	False
CCDC87	False
CCDC88A	
CCDC88B	False
CCDC88C	False
CCDC89	False
CCDC90B	False
CCDC91	False
CCDC92	False
CCER1	
CCHCR1	
CCIN	False
CCK	
CCKAR	False
CCKBR	
CCL1	False
CCL11	False
CCL13	False
CCL14	False
CCL15	False
CCL16	False
CCL17	False
CCL18	False
CCL19	False
CCL2	False
CCL20	False
CCL21	False
CCL22	False
CCL23	False
CCL24	False
CCL25	False
CCL26	
CCL27	False
CCL28	False
CCL3	
CCL3L1	False
CCL3L3	False
CCL4	False
CCL5	False
CCL7	
CCL8	False
CCN1	
CCN2	
CCN3	
CCN4	False
CCN5	
CCNA1	
CCNA2	
CCNB1	
CCNB1IP1	True
CCNB2	
CCNB3	True
CCNC	True
CCND1	True
CCND2	True
CCND3	True
CCNDBP1	False
CCNE1	True
CCNE2	
CCNF	
CCNG1	
CCNG2	False
CCNH	
CCNK	False
CCNL1	
CCNL2	False
CCNO	False
CCNT1	
CCNT2	
CCNY	
CCR1	
CCR10	False
CCR2	
CCR3	False
CCR4	True
CCR5	
CCR6	False
CCR7	True
CCR8	False
CCR9	
CCS	False
CCSER2	False
CCT2	False
CCT3	False
CCT4	False
CCT5	
CCT6A	False
CCT7	False
CCT8	False
CD101	False
CD14	
CD151	
CD163	False
CD177	False
CD180	False
CD19	
CD1A	
CD1B	
CD1D	
CD1E	False
CD2	
CD200	
CD200R1	False
CD209	True
CD22	
CD226	False
CD24	
CD244	False
CD247	
CD27	False
CD274	True
CD28	True
CD2AP	
CD2BP2	
CD300E	
CD300LF	False
CD33	False
CD34	False
CD36	
CD38	
CD3D	
CD3E	
CD3G	
CD4	
CD40	
CD40LG	
CD44	
CD46	
CD47	False
CD48	
CD5	False
CD53	
CD55	
CD58	True
CD59	
CD5L	False
CD6	
CD63	
CD7	False
CD70	
CD72	False
CD74	True
CD79A	True
CD79B	True
CD80	
CD81	
CD82	
CD84	False
CD86	
CD8A	
CD8B	
CD9	
CD93	False
CD96	False
CD99	False
CDA	
CDAN1	
CDC14A	False
CDC14B	False
CDC16	False
CDC20	
CDC23	
CDC25A	
CDC25B	
CDC25C	
CDC26	False
CDC27	
CDC34	
CDC37	
CDC37L1	
CDC40	False
CDC42	True
CDC42BPA	False
CDC42BPG	
CDC42EP1	
CDC42EP2	False
CDC42EP3	False
CDC42EP4	False
CDC42EP5	False
CDC42SE1	False
CDC42SE2	False
CDC45	
CDC5L	
CDC6	
CDC7	
CDC73	True
CDCA3	False
CDCA5	
CDCA8	False
CDCP1	
CDH1	True
CDH10	True
CDH11	True
CDH12	
CDH13	
CDH15	
CDH16	False
CDH18	
CDH19	
CDH2	
CDH23	
CDH24	
CDH3	
CDH4	False
CDH5	False
CDH6	
CDH7	False
CDH8	
CDH9	
CDHR2	
CDIN1	False
CDK1	
CDK10	False
CDK11A	
CDK11B	
CDK12	True
CDK13	
CDK14	
CDK16	
CDK17	False
CDK18	
CDK19	False
CDK2	
CDK20	
CDK2AP1	
CDK2AP2	False
CDK3	False
CDK4	True
CDK5	
CDK5R1	
CDK5R2	False
CDK5RAP1	False
CDK5RAP2	False
CDK5RAP3	False
CDK6	True
CDK7	
CDK8	True
CDK9	
CDKL1	False
CDKL2	
CDKN1A	True
CDKN1B	True
CDKN1C	
CDKN2A	True
CDKN2AIP	
CDKN2B	True
CDKN2C	True
CDKN2D	
CDKN3	
CDON	
CDR2	False
CDSN	
CDT1	
CDX1	False
CDX2	True
CDX4	
CDY1	False
CDYL	
CEACAM1	
CEACAM3	False
CEACAM5	
CEACAM6	False
CEACAM8	False
CEBPA	True
CEBPB	
CEBPD	False
CEBPE	
CEBPG	False
CEBPZ	
CECR2	False
CEL	
CELA1	
CELF1	
CELF2	
CELF3	False
CELSR1	False
CELSR2	False
CELSR3	False
CEMIP	
CEND1	False
CENPA	
CENPB	False
CENPBD1P	False
CENPC	
CENPE	False
CENPF	
CENPH	False
CENPJ	
CENPK	False
CENPO	False
CENPT	False
CENPU	False
CENPX	False
CEP126	False
CEP135	False
CEP152	
CEP162	False
CEP170	
CEP19	
CEP192	
CEP250	False
CEP350	False
CEP43	True
CEP44	False
CEP55	False
CEP57	
CEP63	False
CEP70	False
CEP72	
CEP76	
CEP95	False
CERS2	False
CERT1	False
CES1	False
CETN1	False
CETN2	False
CETN3	
CETP	
CFAP20	
CFAP206	False
CFAP298-TCP10L	False
CFAP52	False
CFAP53	False
CFAP57	False
CFAP91	False
CFB	
CFD	
CFDP1	False
CFH	
CFHR1	False
CFHR3	False
CFHR4	False
CFHR5	
CFI	
CFL1	False
CFL2	
CFLAR	
CFP	
CFTR	
CGA	False
CGB3	False
CGB5	
CGGBP1	False
CGN	False
CHAC1	False
CHAD	False
CHAF1A	False
CHAF1B	
CHAT	
CHCHD3	False
CHD1	
CHD3	
CHD4	True
CHD6	
CHD8	
CHD9	
CHEK1	True
CHEK2	True
CHFR	
CHGA	
CHGB	False
CHIC2	
CHID1	False
CHKA	
CHM	
CHML	False
CHMP1A	False
CHMP1B	False
CHMP2A	False
CHMP2B	
CHMP3	False
CHMP4A	False
CHMP4B	False
CHMP4C	False
CHMP5	False
CHMP6	False
CHMP7	False
CHN1	
CHN2	False
CHORDC1	False
CHPF	False
CHRAC1	False
CHRD	False
CHRDL1	False
CHRDL2	False
CHRM1	False
CHRM2	False
CHRM3	False
CHRM4	False
CHRM5	
CHRNA1	
CHRNA2	
CHRNA3	False
CHRNA4	
CHRNA5	False
CHRNA7	False
CHRNB1	
CHRNB2	
CHRNB4	
CHRND	
CHRNE	
CHRNG	False
CHST1	
CHST15	False
CHST4	False
CHST9	False
CHTF18	
CHTF8	
CHUK	
CIAO1	False
CIAO2A	
CIAO2B	False
CIAPIN1	False
CIB1	False
CIB2	False
CIC	True
CIDEA	False
CIDEB	False
CIITA	True
CILK1	
CINP	False
CIP2A	
CIR1	False
CIRBP	
CISH	False
CIT	False
CITED1	False
CITED2	
CITED4	
CIZ1	
CKAP2	False
CKAP4	False
CKAP5	False
CKB	False
CKM	False
CKMT1A	False
CKMT1B	False
CKMT2	False
CKS1B	
CKS2	
CLASP1	
CLASP2	
CLASRP	False
CLCA1	False
CLCA2	False
CLCF1	False
CLCN3	False
CLCN5	
CLCN7	
CLDN1	
CLDN11	
CLDN12	
CLDN16	
CLDN2	
CLDN3	
CLDN4	
CLDN5	
CLDN6	
CLDN7	
CLDN8	
CLEC11A	False
CLEC1B	
CLEC2D	False
CLEC3B	False
CLEC4A	False
CLEC4F	False
CLEC4M	False
CLEC5A	False
CLGN	False
CLIC1	
CLIC2	False
CLIC3	False
CLIC4	
CLIC5	
CLIC6	False
CLINT1	False
CLIP1	True
CLIP2	
CLK1	False
CLK2	False
CLK3	
CLK4	
CLNK	False
CLNS1A	False
CLOCK	False
CLP1	
CLPB	False
CLPP	False
CLPS	False
CLPX	False
CLSPN	
CLSTN1	False
CLSTN3	False
CLTA	False
CLTB	False
CLTC	True
CLTCL1	True
CLU	
CLUAP1	
CLUH	False
CMA1	False
CMAS	False
CMKLR1	
CMKLR2	False
CMPK1	False
CMTM3	False
CMTM8	False
CMYA5	False
CNBP	True
CNDP1	False
CNDP2	
CNGA1	
CNGA2	False
CNGB1	
CNKSR1	
CNKSR2	False
CNKSR3	False
CNMD	False
CNN1	False
CNN2	False
CNN3	False
CNNM3	False
CNOT1	
CNOT10	False
CNOT2	False
CNOT3	True
CNOT4	False
CNOT6	False
CNOT7	False
CNOT8	False
CNOT9	
CNP	False
CNPY2	False
CNPY4	False
CNR1	False
CNR2	
CNST	False
CNTF	False
CNTFR	False
CNTN1	
CNTN2	False
CNTNAP1	
CNTNAP2	
CNTNAP3	
CNTNAP4	False
CNTRL	True
CNTROB	False
COASY	False
COG1	
COG2	False
COG3	False
COG4	
COG5	
COG7	
COIL	
COL10A1	
COL11A1	
COL13A1	False
COL14A1	
COL17A1	
COL18A1	
COL1A1	True
COL1A2	
COL20A1	False
COL23A1	False
COL25A1	
COL26A1	False
COL2A1	True
COL3A1	
COL4A1	
COL4A2	
COL4A3	
COL4A4	
COL4A5	
COL4A6	
COL5A1	
COL5A2	
COL5A3	
COL6A1	
COL6A2	
COL6A3	
COL7A1	
COL8A1	False
COL8A2	
COL9A1	
COL9A2	
COL9A3	
COLQ	
COMMD1	False
COMMD10	False
COMMD2	False
COMMD3	False
COMMD4	False
COMMD5	False
COMMD6	False
COMMD7	False
COMMD8	False
COMP	
COMT	False
COP1	True
COPA	False
COPB1	False
COPB2	
COPE	False
COPG1	False
COPG2	False
COPS2	
COPS3	False
COPS4	False
COPS5	False
COPS6	False
COPS7A	False
COPS7B	False
COPS8	False
COPZ1	False
COPZ2	False
COQ6	False
COQ8A	
COQ9	False
CORO1A	
CORO1B	False
CORO2A	
CORO2B	
CORT	False
COTL1	
COX17	False
COX4I2	
COX5A	False
COX5B	False
COX6C	
COX7A2L	False
CP	False
CPAMD8	False
CPB2	False
CPE	False
CPEB1	
CPLANE2	False
CPLX1	False
CPLX2	
CPM	
CPN1	False
CPN2	False
CPNE1	
CPNE2	False
CPNE3	False
CPNE4	False
CPNE6	False
CPNE7	False
CPS1	
CPSF1	False
CPSF2	False
CPSF3	False
CPSF4	False
CPSF6	False
CPSF7	False
CPT1A	False
CPXM2	
CR1	
CR2	
CRABP1	
CRABP2	
CRACR2A	False
CRADD	
CRB2	
CRB3	
CRCP	False
CRCT1	False
CREB1	True
CREB3	
CREB3L1	True
CREB3L3	
CREB5	
CREBBP	True
CREBZF	
CREG1	
CRELD1	
CRELD2	
CREM	False
CRH	False
CRHBP	False
CRHR1	False
CRHR2	False
CRIP1	False
CRIP2	
CRIPAK	False
CRIPT	False
CRISP3	False
CRK	
CRKL	True
CRLF1	False
CRLF2	True
CRLS1	False
CRMP1	False
CRNKL1	True
CROCC	False
CRP	
CRTC1	True
CRTC2	
CRTC3	True
CRX	
CRY1	False
CRY2	False
CRYAA	
CRYAB	
CRYBA1	False
CRYBA2	False
CRYBA4	False
CRYBB1	False
CRYBB2	False
CRYBB3	False
CRYGC	
CRYZ	False
CS	
CSDE1	
CSE1L	
CSF1	
CSF1R	True
CSF2	
CSF2RA	
CSF2RB	
CSF3	False
CSF3R	True
CSH1	
CSH2	False
CSK	False
CSN1S1	False
CSN2	False
CSN3	False
CSNK1A1	
CSNK1A1L	
CSNK1D	
CSNK1E	
CSNK1G1	False
CSNK1G2	False
CSNK1G3	False
CSNK2A1	
CSNK2A2	
CSNK2B	
CSPG4	
CSPG5	False
CSRNP2	False
CSRP1	False
CSRP2	False
CSRP3	
CST3	
CST5	False
CST7	False
CSTA	
CSTB	
CSTF1	False
CSTF2	False
CSTF2T	False
CSTF3	False
CTAG1B	False
CTBP1	
CTBP1-DT	False
CTBP2	
CTCF	True
CTDP1	
CTDSP1	
CTDSP2	False
CTDSPL	
CTF1	False
CTLA4	True
CTNNA1	
CTNNA2	True
CTNNA3	
CTNNAL1	False
CTNNB1	True
CTNNBIP1	
CTNNBL1	False
CTNND1	True
CTNND2	True
CTPS1	False
CTPS2	False
CTR9	True
CTRB1	False
CTRC	False
CTRL	False
CTSA	
CTSB	
CTSC	
CTSD	
CTSE	False
CTSF	False
CTSG	False
CTSH	
CTSK	
CTSL	
CTSS	
CTTN	
CTTNBP2	False
CUBN	
CUEDC1	
CUEDC2	False
CUL1	
CUL2	
CUL3	True
CUL4A	
CUL4B	
CUL5	
CUL7	
CUL9	
CUTC	False
CUX1	True
CUX2	False
CUZD1	False
CWC22	
CWC25	False
CWF19L1	False
CX3CL1	
CX3CR1	
CXADR	
CXCL1	
CXCL10	
CXCL11	False
CXCL12	
CXCL13	False
CXCL16	False
CXCL2	
CXCL3	
CXCL5	
CXCL6	False
CXCL8	
CXCL9	False
CXCR1	
CXCR2	
CXCR3	
CXCR4	True
CXCR5	False
CXCR6	False
CXXC1	False
CXXC4	
CXXC5	
CYB561D2	False
CYB5A	
CYB5R1	False
CYB5R2	False
CYB5R3	
CYBA	False
CYBB	
CYC1	False
CYCS	
CYFIP1	
CYFIP2	False
CYHR1	False
CYLD	True
CYP11A1	False
CYP11B1	
CYP11B2	
CYP17A1	
CYP19A1	True
CYP1A1	
CYP1A2	False
CYP2C19	False
CYP2C9	
CYP2E1	
CYP3A4	False
CYTH1	False
CYTH2	False
CYTH3	False
CYTIP	False
CZIB	False
DAAM1	
DAB1	
DAB2	
DAB2IP	
DACH1	
DACH2	
DAD1	False
DAG1	
DAGLB	False
DAO	
DAOA	False
DAP	
DAP3	False
DAPK1	
DAPK2	
DAPK3	
DAPP1	False
DARS1	False
DAXX	True
DAZ1	
DAZ3	
DAZ4	
DAZAP1	
DAZAP2	False
DAZL	False
DBF4	False
DBF4B	False
DBH	False
DBI	
DBN1	
DBNDD2	False
DBNL	False
DBP	False
DCAF1	
DCAF10	False
DCAF11	False
DCAF12	False
DCAF6	False
DCAF7	False
DCAF8	False
DCC	True
DCK	
DCLRE1A	
DCLRE1C	
DCN	
DCP1A	False
DCP1B	False
DCP2	False
DCTD	
DCTN1	True
DCTN2	False
DCTN3	False
DCTN4	False
DCTN5	False
DCTPP1	False
DCUN1D1	True
DCX	
DDAH2	False
DDB1	False
DDB2	True
DDC	
DDI1	False
DDIT3	True
DDIT4	
DDIT4L	False
DDN	False
DDO	False
DDR1	
DDR2	True
DDX1	
DDX11	False
DDX17	
DDX18	
DDX19A	False
DDX19B	False
DDX20	
DDX21	False
DDX24	False
DDX27	
DDX39A	False
DDX39B	False
DDX3X	True
DDX3Y	
DDX4	True
DDX42	False
DDX49	False
DDX5	True
DDX54	
DDX56	False
DDX58	
DDX6	True
DEAF1	False
DEDD	False
DEDD2	False
DEF6	False
DEFA1	
DEFA3	
DEFA5	
DEFB1	
DEFB103A	False
DEFB104A	False
DEGS1	False
DEK	True
DENND10P1	False
DENND2B	
DENND4A	False
DENR	
DEPP1	False
DERL1	
DERL2	False
DERL3	False
DES	
DET1	False
DEUP1	False
DEXI	False
DFFA	False
DFFB	False
DGCR2	False
DGCR6L	False
DGCR8	True
DGKA	
DGKD	
DGKH	
DGKQ	
DGKZ	
DHCR24	False
DHDDS	
DHFR	
DHH	
DHPS	False
DHRS1	
DHRS7B	False
DHX15	
DHX16	
DHX29	False
DHX30	
DHX34	False
DHX36	
DHX37	False
DHX38	False
DHX58	
DHX9	
DIABLO	
DIAPH1	
DIAPH2	
DIAPH3	False
DICER1	True
DIDO1	False
DIMT1	False
DIO2	
DIP2A	False
DIPK1B	False
DIS3	True
DIS3L2	
DISC1	False
DISP3	
DIXDC1	False
DKC1	
DKK1	
DKK2	
DKK3	
DLAT	
DLC1	
DLD	
DLEU1	
DLG1	
DLG2	
DLG3	
DLG4	False
DLG5	False
DLGAP1	
DLGAP2	False
DLGAP3	False
DLGAP4	False
DLGAP5	
DLK1	
DLK2	False
DLL1	
DLL4	
DLST	
DLX1	False
DLX2	
DLX3	
DLX4	
DLX5	
DMAP1	False
DMBT1	
DMBX1	False
DMC1	False
DMD	
DMP1	
DMPK	
DMRTB1	False
DMTF1	
DMTN	False
DMWD	False
DMXL2	
DNAAF4	
DNAAF5	
DNAI1	
DNAJA1	False
DNAJA2	False
DNAJA3	
DNAJB1	True
DNAJB11	False
DNAJB2	
DNAJB3	False
DNAJB4	False
DNAJB6	False
DNAJB9	
DNAJC1	False
DNAJC10	False
DNAJC14	False
DNAJC2	False
DNAJC3	False
DNAJC30	False
DNAJC5	
DNAJC6	
DNAJC7	False
DNAL4	
DNALI1	False
DNASE1	
DNER	
DNM1	False
DNM1L	False
DNM2	True
DNM3	False
DNMBP	
DNMT1	True
DNMT3A	True
DNMT3B	True
DNMT3L	False
DNPEP	False
DNTT	False
DNTTIP1	False
DNTTIP2	False
DOC2A	False
DOC2B	False
DOCK1	
DOCK10	False
DOCK2	
DOCK3	False
DOCK7	False
DOCK8	
DOCK9	False
DOHH	False
DOK1	False
DOK2	False
DOK3	False
DOK4	False
DOK5	False
DOK6	
DOK7	
DOT1L	True
DPCD	False
DPEP1	False
DPF1	False
DPF2	False
DPH1	
DPH3	
DPM1	
DPM2	False
DPM3	False
DPP3	False
DPP4	
DPP6	
DPP7	
DPPA2	False
DPPA3	False
DPPA4	
DPT	
DPY30	False
DPYS	
DPYSL2	False
DPYSL3	False
DPYSL4	False
DPYSL5	False
DR1	False
DRAP1	False
DRD1	False
DRD2	
DRD3	
DRD4	False
DRD5	
DRG1	False
DRG2	False
DROSHA	True
DRP2	False
DSC1	
DSC2	
DSC3	
DSCAM	False
DSCAML1	False
DSCC1	
DSG1	
DSG2	
DSG3	False
DSN1	False
DSP	
DST	
DSTN	False
DTL	
DTNA	
DTNB	False
DTNBP1	
DTX1	True
DTX2	
DTX3	
DTX3L	False
DUOX1	False
DUOX2	
DUS2	False
DUSP1	
DUSP10	
DUSP11	False
DUSP12	False
DUSP13	False
DUSP14	False
DUSP16	
DUSP19	False
DUSP2	
DUSP22	True
DUSP23	False
DUSP26	
DUSP3	False
DUSP4	True
DUSP5	False
DUSP6	
DUSP7	
DUSP9	
DUT	False
DVL1	
DVL2	
DVL3	
DXO	False
DYDC1	False
DYDC2	False
DYNC1H1	
DYNC1I1	
DYNC1I2	False
DYNC1LI1	False
DYNC1LI2	False
DYNC2H1	
DYNC2LI1	False
DYNLL1	
DYNLL2	False
DYNLRB1	False
DYNLT1	False
DYNLT3	False
DYNLT4	False
DYRK1A	
DYRK1B	
DYRK2	False
DYSF	
DZANK1	False
DZIP1	False
DZIP3	False
E2F1	
E2F2	
E2F3	True
E2F4	
E2F5	False
E2F6	
E4F1	False
EAF1	False
EAF2	
EAPP	False
EBAG9	
EBF1	True
EBI3	False
EBNA1BP2	False
EBP	
EBPL	False
ECD	False
ECE1	False
ECH1	False
ECHDC2	False
ECHS1	False
ECM1	
ECPAS	False
ECSIT	False
ECT2	
EDA	
EDA2R	False
EDAR	
EDARADD	
EDC3	False
EDEM1	
EDEM2	False
EDF1	False
EDIL3	
EDN1	
EDN2	False
EDN3	
EDNRA	
EDNRB	
EEA1	False
EED	True
EEF1A1	
EEF1A2	
EEF1B2	False
EEF1D	
EEF1E1	False
EEF1G	False
EEF2	
EEF2K	
EEF2KMT	False
EFCAB6	False
EFEMP1	
EFEMP2	
EFHC1	
EFNA1	
EFNA2	
EFNA3	
EFNA4	
EFNA5	
EFNB1	False
EFNB2	False
EFNB3	False
EFS	False
EFTUD2	
EGF	
EGFL6	
EGFL7	True
EGFR	True
EGLN1	
EGLN2	
EGLN3	
EGR1	True
EGR2	
EGR4	False
EHBP1	
EHD1	False
EHD2	False
EHD3	False
EHHADH	False
EHMT1	
EHMT2	
EID1	False
EID2	False
EID2B	False
EID3	False
EIF1	False
EIF1AD	False
EIF1AX	True
EIF1AY	False
EIF2AK1	
EIF2AK2	
EIF2AK3	
EIF2AK4	
EIF2B1	
EIF2B2	
EIF2B3	
EIF2B4	
EIF2B5	
EIF2S1	False
EIF2S2	
EIF2S3	False
EIF3A	
EIF3B	False
EIF3C	
EIF3D	False
EIF3E	True
EIF3F	
EIF3G	
EIF3H	False
EIF3I	
EIF3J	False
EIF3K	False
EIF3L	False
EIF3M	False
EIF4A1	
EIF4A2	True
EIF4A3	False
EIF4B	
EIF4E	True
EIF4E2	False
EIF4EBP1	
EIF4EBP2	False
EIF4EBP3	False
EIF4ENIF1	False
EIF4G1	
EIF4G2	False
EIF4G3	False
EIF4H	False
EIF5	False
EIF5A	
EIF5A2	
EIF5B	False
EIF6	False
ELAC2	
ELANE	
ELAVL1	
ELAVL2	
ELAVL3	
ELAVL4	
ELF1	
ELF2	False
ELF3	True
ELF4	True
ELF5	
ELK1	
ELK3	
ELK4	True
ELL	True
ELL2	False
ELL3	False
ELMO1	
ELMO2	False
ELMOD1	False
ELN	
ELOA	False
ELOA2	False
ELOA3P	False
ELOB	
ELOC	
ELOF1	
ELP1	
ELP2	
ELP3	False
ELP5	False
ELSPBP1	False
EMB	False
EMC2	False
EMC8	False
EMC9	False
EMCN	False
EMD	
EME1	False
EMG1	
EMID1	False
EMILIN1	False
EMILIN2	False
EML1	False
EML3	False
EML4	True
EMP3	
EMSY	
EMX2	
EN1	
EN2	
ENAH	
ENC1	
ENG	
ENGASE	False
ENKD1	False
ENO1	
ENO2	False
ENO3	False
ENOPH1	False
ENOX1	False
ENOX2	
ENPEP	False
ENPP1	
ENSA	False
ENTPD1	False
ENTPD2	False
ENTPD5	False
ENTPD6	
ENTR1	False
ENY2	False
EOLA1	False
EP300	True
EP400	True
EPAS1	True
EPB41	
EPB41L1	
EPB41L2	False
EPB41L3	
EPB42	
EPC1	
EPCAM	True
EPDR1	False
EPG5	
EPHA1	
EPHA2	
EPHA3	True
EPHA4	
EPHA5	
EPHA6	
EPHA7	True
EPHA8	False
EPHB1	True
EPHB2	
EPHB3	
EPHB4	
EPHB6	
EPHX2	False
EPM2A	
EPM2AIP1	False
EPN1	False
EPN2	False
EPN3	False
EPO	
EPOR	True
EPPK1	
EPR1	False
EPRS1	
EPS15	True
EPS15L1	
EPS8	
EPS8L1	
EPS8L2	False
ERAP1	
ERAS	
ERBB2	True
ERBB3	True
ERBB4	True
ERBIN	
ERC1	True
ERC2	
ERCC1	
ERCC2	True
ERCC3	True
ERCC4	True
ERCC5	True
ERCC6	
ERCC8	
EREG	
ERF	True
ERG	True
ERG28	False
ERGIC1	False
ERGIC3	
ERH	False
ERI3	False
ERMAP	False
ERN1	
ERO1A	False
ERO1B	False
ERP27	False
ERP29	False
ERP44	False
ERRFI1	True
ERVW-1	
ESM1	
ESPN	False
ESR1	True
ESR2	
ESRRA	
ESRRB	False
ESRRG	
ESS2	False
ESYT2	False
ETF1	False
ETFA	
ETFB	
ETHE1	False
ETNK2	False
ETS1	
ETS2	
ETV1	True
ETV3	
ETV4	True
ETV5	True
ETV6	True
ETV7	
EVA1A	False
EVA1C	False
EVC2	
EVI5	False
EVI5L	False
EVL	
EVPL	
EWSR1	True
EXD3	False
EXO1	False
EXOC1	False
EXOC2	
EXOC3	False
EXOC3-AS1	False
EXOC4	
EXOC5	False
EXOC6B	False
EXOC7	
EXOC8	
EXOSC1	False
EXOSC10	False
EXOSC2	False
EXOSC3	False
EXOSC4	False
EXOSC5	False
EXOSC6	
EXOSC7	False
EXOSC8	False
EXOSC9	False
EXPH5	
EXT1	True
EXT2	True
EYA1	
EYA2	
EYA3	False
EYA4	
EZH1	True
EZH2	True
EZR	True
F10	
F11	
F11R	False
F12	
F13A1	
F13B	
F2	
F2R	
F2RL1	False
F2RL2	
F2RL3	
F3	
F5	
F7	
F8	
F8A1	False
F9	
FA2H	
FAAP100	False
FAAP24	False
FABP1	False
FABP3	
FABP4	
FABP5	
FADD	
FAF1	
FAF2	False
FAIM2	False
FAM107A	
FAM107B	
FAM118B	
FAM120B	False
FAM124A	False
FAM124B	False
FAM131A	False
FAM131C	False
FAM135B	True
FAM13C	False
FAM153A	False
FAM156A	False
FAM162A	False
FAM178B	False
FAM189A2	False
FAM193B	False
FAM214B	False
FAM219A	False
FAM241B	False
FAM32A	False
FAM50B	False
FAM76B	False
FAM86C1P	False
FANCA	True
FANCB	
FANCC	True
FANCD2	True
FANCE	True
FANCF	True
FANCG	True
FANCI	
FANCL	True
FANCM	
FAP	False
FAR1	False
FARP2	False
FARSA	False
FAS	True
FASLG	
FASN	
FASTK	False
FASTKD5	False
FAT1	True
FAT4	True
FATE1	False
FAU	
FBF1	
FBH1	
FBL	False
FBLIM1	False
FBLN1	
FBLN2	True
FBLN5	
FBN1	
FBN2	
FBP1	
FBP2	False
FBXL12	False
FBXL18	False
FBXL2	False
FBXL3	False
FBXL4	False
FBXL5	False
FBXL6	False
FBXL8	False
FBXO11	True
FBXO15	
FBXO16	False
FBXO17	False
FBXO2	False
FBXO21	False
FBXO25	
FBXO28	
FBXO3	False
FBXO30	False
FBXO32	
FBXO33	False
FBXO34	False
FBXO38	False
FBXO4	False
FBXO44	False
FBXO5	
FBXO6	False
FBXO7	
FBXO8	False
FBXO9	
FBXW11	False
FBXW2	False
FBXW4	
FBXW5	
FBXW7	True
FBXW8	False
FCAR	False
FCER1A	
FCER1G	False
FCER2	
FCGR1A	
FCGR2A	
FCGR2B	True
FCGR3A	
FCGR3B	False
FCGRT	False
FCHO1	False
FCHSD2	False
FCN1	False
FCN2	False
FCRL3	
FDFT1	False
FDPS	False
FDX1	
FDXR	
FECH	
FEM1A	
FEM1B	False
FEN1	True
FER	False
FERD3L	
FERMT1	False
FERMT2	False
FERMT3	
FES	True
FEZ1	False
FEZ2	False
FFAR1	False
FFAR2	False
FGA	
FGB	
FGD1	
FGD4	
FGD6	False
FGF1	
FGF10	
FGF12	
FGF13	
FGF17	
FGF18	
FGF19	True
FGF2	
FGF21	
FGF23	
FGF3	True
FGF4	True
FGF5	
FGF6	
FGF7	
FGF8	
FGF9	
FGFBP1	
FGFR1	True
FGFR2	True
FGFR3	True
FGFR4	True
FGFRL1	False
FGG	
FGR	
FH	True
FHIP1B	False
FHIT	True
FHL1	
FHL2	
FHL3	False
FHL5	False
FHOD1	
FIBP	False
FICD	False
FIP1L1	True
FIS1	False
FIZ1	
FKBP10	
FKBP1A	False
FKBP1B	False
FKBP2	False
FKBP3	False
FKBP4	False
FKBP5	
FKBP6	False
FKBP8	
FKBPL	False
FLACC1	False
FLAD1	False
FLG	
FLI1	True
FLII	
FLNA	True
FLNB	
FLNC	
FLOT1	False
FLOT2	False
FLRT3	False
FLT1	True
FLT3	True
FLT3LG	
FLT4	True
FLYWCH1	
FMN1	False
FMNL1	
FMNL2	
FMNL3	
FMOD	
FMR1	
FN1	
FNBP1	
FNBP1L	
FNBP4	
FNDC11	False
FNDC5	False
FNTA	False
FNTB	False
FOLR1	False
FOS	
FOSB	
FOSL1	
FOSL2	
FOXA1	True
FOXA2	
FOXA3	False
FOXC1	
FOXD3	False
FOXE1	
FOXF2	False
FOXG1	
FOXH1	False
FOXJ3	False
FOXK2	
FOXL1	
FOXL2	True
FOXM1	
FOXN3	False
FOXO1	True
FOXO3	True
FOXO4	True
FOXP1	True
FOXP2	
FOXP3	
FOXP4	False
FOXS1	False
FPR1	
FPR2	False
FRA10AC1	
FRAT1	
FRAT2	
FRK	False
FRMD4B	False
FRMD5	False
FRMD6	False
FRMPD4	
FRS2	
FRS3	False
FRYL	
FSCN1	
FSD1	False
FSHB	False
FSHR	
FSIP1	
FSIP2	
FST	
FSTL3	True
FTH1	
FTL	
FTSJ3	False
FUBP1	True
FUBP3	
FUNDC2	False
FURIN	True
FUS	True
FUT4	False
FUT7	False
FUZ	False
FXN	
FXR1	
FXR2	False
FXYD1	False
FXYD2	False
FXYD3	
FXYD6	False
FXYD7	False
FYB1	False
FYN	True
FYTTD1	False
FZD1	
FZD2	
FZD3	
FZD4	
FZD5	
FZD6	
FZD7	
FZD8	
FZD9	
FZR1	False
G2E3	
G3BP1	
G3BP2	
G6PC1	
G6PD	
GAA	
GAB1	True
GAB2	True
GAB3	
GABARAP	
GABARAPL1	
GABARAPL2	
GABBR1	False
GABBR2	False
GABPA	False
GABPB1	
GABRA1	
GABRA3	False
GABRA4	False
GABRB1	False
GABRB2	
GABRB3	
GABRD	
GABRG1	
GABRG2	
GABRG3	False
GABRR1	False
GABRR2	False
GAD1	
GAD2	False
GADD45A	
GADD45B	
GADD45G	
GADD45GIP1	
GAGE2E	False
GAGE5	False
GAK	
GAL	False
GAL3ST1	
GAL3ST4	False
GALNT1	False
GALNT10	False
GALNT11	False
GALNT12	
GALNT13	
GALNT14	False
GALNT15	False
GALNT2	False
GALNT4	False
GALNT5	
GALNT6	
GALR1	False
GALR2	False
GALT	
GAN	
GANAB	False
GAP43	False
GAPDH	
GAPVD1	False
GAR1	False
GARIN6	False
GARS1	
GAS1	
GAS2	False
GAS6	
GAS7	True
GAST	
GATA1	True
GATA2	True
GATA3	True
GATA4	
GATA5	False
GATA6	
GATAD2A	False
GATAD2B	False
GATD1	False
GATD3	
GBA	
GBE1	
GBF1	False
GBP1	
GBP2	False
GBP3	False
GC	False
GCA	False
GCAT	False
GCC1	False
GCFC2	
GCG	False
GCGR	False
GCH1	
GCHFR	False
GCK	
GCKR	
GCM1	False
GCNT1	False
GCSH	
GDA	False
GDE1	False
GDF11	False
GDF5	
GDF6	
GDF7	False
GDF9	False
GDI1	
GDI2	False
GDNF	
GDPD2	False
GEM	False
GEMIN2	False
GEMIN4	False
GEMIN5	False
GEMIN6	False
GEMIN7	False
GET4	False
GFAP	
GFER	
GFI1	
GFI1B	
GFPT1	False
GFRA1	
GFRA2	False
GFRA3	False
GFRA4	False
GGA1	
GGA2	False
GGA3	
GGCX	
GGN	False
GGNBP2	False
GGT1	False
GGT7	False
GGTLC1	False
GH1	
GH2	False
GHR	
GHRH	
GHRHR	
GHRL	
GHSR	
GIGYF1	False
GIGYF2	
GIN1	False
GINS2	False
GINS4	False
GIP	
GIPC1	False
GIPC2	False
GIPC3	False
GIPR	False
GIT1	False
GIT2	False
GJA1	
GJA3	
GJA5	
GJA8	False
GJB1	
GJB2	
GJB3	
GJB6	
GJC1	False
GKAP1	False
GKN2	False
GLB1	
GLCCI1	False
GLDC	
GLE1	
GLG1	False
GLI1	True
GLI2	
GLI3	
GLIPR2	
GLIS2	
GLIS3	
GLMN	
GLOD4	False
GLP1R	False
GLP2R	False
GLRA2	False
GLRB	
GLRX	False
GLRX2	False
GLRX3	False
GLS	
GLS2	
GLUD1	
GLUD2	False
GLUL	False
GLYAT	
GLYCTK	False
GM2A	
GMCL1	False
GMCL2	False
GMEB1	False
GMEB2	False
GMFB	
GMFG	False
GMIP	False
GMNN	False
GMPPA	False
GMPPB	False
GMPS	
GNA11	True
GNA12	True
GNA13	True
GNA14	
GNA15	
GNAI1	
GNAI2	
GNAI3	
GNAO1	False
GNAQ	True
GNAS	True
GNAT1	
GNAZ	False
GNB1	True
GNB2	
GNB3	
GNB4	
GNB5	
GNE	
GNG10	
GNG11	
GNG12	
GNG13	
GNG2	
GNG3	
GNG4	
GNG5	
GNG7	
GNGT1	
GNGT2	
GNL3	False
GNL3L	False
GNMT	False
GNPAT	
GNPDA1	False
GNPTG	
GNRH1	False
GNRH2	False
GNRHR	
GNRHR2	False
GOLGA1	False
GOLGA2	
GOLGA3	False
GOLGA4	False
GOLGA5	True
GOLGA7	False
GOLGB1	
GOLM1	False
GOPC	True
GORAB	False
GORASP1	
GORASP2	False
GOSR1	False
GOSR2	
GOT1	
GOT2	
GP1BA	False
GP1BB	
GP2	False
GP5	False
GP6	False
GP9	
GPAA1	False
GPANK1	False
GPAT4	
GPATCH8	
GPBP1	False
GPBP1L1	False
GPC1	
GPC3	True
GPC4	False
GPD1	False
GPD2	False
GPHA2	False
GPHB5	False
GPHN	True
GPI	
GPKOW	False
GPLD1	False
GPM6A	False
GPN1	
GPNMB	
GPR135	False
GPR143	
GPR151	False
GPR17	False
GPR183	
GPR25	False
GPR26	False
GPR37	False
GPR50	
GPRASP1	False
GPRASP2	False
GPRC5C	False
GPRIN2	
GPS1	
GPS2	True
GPSM1	False
GPSM2	False
GPSM3	False
GPT	False
GPX1	
GPX7	False
GRAP	False
GRAP2	False
GRB10	
GRB14	False
GRB2	
GRB7	False
GREM1	True
GREM2	False
GRHL1	False
GRHL2	
GRHL3	False
GRHPR	
GRIA1	False
GRIA2	
GRIA3	
GRIA4	False
GRID1	
GRID2	False
GRIK1	False
GRIK2	
GRIK3	
GRIK4	False
GRIK5	
GRIN1	
GRIN2A	True
GRIN2B	
GRIN2C	False
GRIN2D	
GRIN3A	False
GRIN3B	False
GRIP1	False
GRIP2	False
GRIPAP1	False
GRK1	False
GRK2	False
GRK3	False
GRK4	False
GRK5	False
GRK6	False
GRK7	False
GRM1	
GRM2	False
GRM3	True
GRM4	False
GRM5	
GRM6	False
GRM7	False
GRM8	
GRN	
GRP	
GRPEL2	False
GRPR	
GSC	False
GSC2	False
GSDME	
GSE1	
GSK3A	
GSK3B	True
GSN	
GSPT1	
GSPT2	False
GSR	False
GSS	False
GSTA1	
GSTA2	
GSTM1	
GSTM2	
GSTM3	
GSTM4	
GSTO1	
GSTP1	
GSTZ1	False
GTF2A1	
GTF2A1L	False
GTF2A2	False
GTF2B	
GTF2E1	False
GTF2E2	False
GTF2F1	False
GTF2F2	False
GTF2H1	
GTF2H2	False
GTF2H3	False
GTF2H4	False
GTF2H5	
GTF2I	True
GTF2IRD1	False
GTF3A	False
GTF3C1	False
GTF3C2	False
GTF3C3	False
GTF3C4	False
GTF3C5	False
GTPBP1	False
GTPBP10	False
GTPBP3	False
GTPBP4	False
GUCA1A	
GUCA1B	
GUCA2A	False
GUCA2B	False
GUCY1A1	False
GUCY1A2	
GUCY1B1	False
GUCY2C	
GUCY2D	
GUCY2F	False
GULP1	False
GUSB	
GYG1	False
GYG2	False
GYPB	False
GYPC	
GYS1	
GZMA	
GZMB	
H1-0	False
H1-1	False
H1-2	
H1-4	True
H1-5	True
H2AC13	False
H2AC14	False
H2AC16	
H2AC18	False
H2AC20	
H2AC4	False
H2AC6	
H2AC8	False
H2AP	False
H2AW	False
H2AX	
H2AZ1	
H2BC11	
H2BC15	False
H2BC21	False
H2BC3	
H2BC5	
H2BC8	
H2BU1	False
H3-3A	True
H3-3B	True
H3-4	
H3C1	
H3C10	
H3C14	
H3C3	
H3C6	
H3C8	
H4-16	
H4C1	False
H4C14	False
H4C6	False
HAAO	False
HABP2	False
HABP4	False
HACD2	False
HACD3	False
HACE1	
HACL1	False
HADH	False
HADHB	False
HAGH	False
HAMP	
HAND1	False
HAND2	False
HAP1	False
HAPLN1	
HARS1	False
HAT1	False
HAUS1	False
HAUS2	False
HAUS7	False
HAVCR1	
HAX1	
HBA1	
HBA2	
HBB	
HBE1	False
HBEGF	
HBG2	
HBP1	
HBZ	False
HCFC1	False
HCFC1R1	False
HCFC2	
HCK	
HCLS1	
HCN1	
HCN2	False
HCN4	
HCRT	
HCRTR1	False
HCRTR2	False
HCST	False
HDAC1	True
HDAC10	
HDAC11	
HDAC2	
HDAC3	
HDAC4	True
HDAC5	
HDAC6	
HDAC7	True
HDAC8	
HDAC9	
HDDC3	False
HDGF	False
HDHD2	False
HDHD3	False
HDHD5	
HDLBP	
HEATR1	
HEBP2	False
HECTD1	
HECW1	
HECW2	
HELB	False
HELZ	False
HERC1	
HERC2	
HERC3	False
HERC4	False
HERC5	False
HERC6	False
HERPUD1	True
HES1	
HES5	
HES6	False
HESX1	
HEXA	
HEXB	
HEXD	False
HEXIM1	
HEXIM2	False
HEY1	True
HEY2	
HEYL	
HFE	
HGF	True
HGFAC	False
HGH1	False
HGS	False
HHEX	
HHIP	
HHLA3	False
HIC1	
HIC2	False
HID1	False
HIF1A	True
HIF1AN	
HIF3A	False
HIGD1B	False
HINFP	
HINT1	False
HIP1	True
HIP1R	False
HIPK1	False
HIPK2	
HIPK3	False
HIRA	
HIRIP3	False
HIVEP1	
HIVEP2	False
HIVEP3	
HJURP	False
HK1	
HK2	
HK3	
HLA-A	True
HLA-B	True
HLA-C	True
HLA-DMA	False
HLA-DMB	False
HLA-DOA	False
HLA-DOB	False
HLA-DPA1	False
HLA-DPB1	False
HLA-DQA1	
HLA-DQA2	
HLA-DQB1	
HLA-DRA	
HLA-DRB1	
HLA-DRB3	False
HLA-DRB4	False
HLA-DRB5	
HLA-E	False
HLA-F	
HLA-G	
HLF	True
HLTF	
HM13	
HMBS	
HMG20A	False
HMG20B	False
HMGA1	True
HMGA2	True
HMGB1	
HMGB2	
HMGCL	False
HMGCR	
HMGN1	False
HMGN2	False
HMGN3	False
HMGXB4	False
HMMR	False
HMOX1	
HMOX2	False
HNF1A	True
HNF1B	
HNF4A	
HNF4G	False
HNRNPA0	False
HNRNPA1	False
HNRNPA2B1	True
HNRNPA3	
HNRNPAB	False
HNRNPC	
HNRNPD	
HNRNPF	False
HNRNPH1	False
HNRNPH3	
HNRNPK	
HNRNPL	
HNRNPLL	False
HNRNPM	False
HNRNPR	False
HNRNPU	
HNRNPUL1	False
HOMER1	False
HOMER2	False
HOMER3	False
HOMEZ	False
HOOK1	False
HOOK2	False
HOOK3	True
HOPX	False
HOXA1	
HOXA10	
HOXA11	True
HOXA13	True
HOXA2	False
HOXA3	
HOXA5	False
HOXA7	
HOXA9	True
HOXB1	False
HOXB13	True
HOXB2	False
HOXB3	False
HOXB4	False
HOXB6	False
HOXB7	False
HOXB8	
HOXB9	False
HOXC10	False
HOXC13	True
HOXC4	False
HOXC8	
HOXC9	False
HOXD10	
HOXD11	True
HOXD12	False
HOXD13	True
HOXD4	False
HOXD9	False
HP	False
HPCA	False
HPCAL1	False
HPCAL4	False
HPF1	False
HPGDS	False
HPN	False
HPR	
HPRT1	
HPS1	
HPS4	
HPS5	
HPS6	
HR	
HRAS	True
HRC	False
HRG	
HRH2	False
HRH4	
HRK	
HS1BP3	
HSBP1	
HSD17B10	
HSD17B14	False
HSD17B4	
HSF1	
HSF2	False
HSF2BP	False
HSF4	
HSFX1	False
HSH2D	False
HSP90AA1	True
HSP90AB1	True
HSP90AB2P	False
HSP90B1	
HSPA13	False
HSPA14	False
HSPA1A	False
HSPA1B	False
HSPA2	False
HSPA4	
HSPA4L	False
HSPA5	
HSPA8	
HSPA9	
HSPB1	
HSPB11	False
HSPB2	
HSPB3	
HSPB6	False
HSPB7	False
HSPB8	
HSPB9	False
HSPBAP1	
HSPBP1	False
HSPD1	
HSPE1	False
HSPG2	
HSPH1	
HTATIP2	
HTATSF1	False
HTN1	False
HTN3	False
HTR1A	False
HTR1B	False
HTR1D	False
HTR1F	False
HTR2A	False
HTR2B	False
HTR2C	False
HTR3A	False
HTR4	False
HTR6	False
HTR7	
HTRA1	
HTRA2	
HTT	
HUNK	False
HUS1	
HUS1B	False
HUWE1	
HYAL2	
HYI	False
HYLS1	False
HYPK	False
IAPP	False
IARS1	False
IBTK	False
ICAM1	
ICAM2	False
ICAM3	
ICAM4	
ICAM5	
ICMT	False
ICOS	
ICOSLG	True
ID1	
ID2	
ID3	True
ID4	
IDE	False
IDH1	True
IDH2	True
IDH3A	
IDH3B	
IDH3G	
IDO1	
IDUA	
IER3	
IFFO1	False
IFI16	
IFI27	
IFI35	False
IFI6	False
IFIT1	False
IFIT2	False
IFIT3	
IFIT5	False
IFITM1	False
IFITM2	
IFNA1	
IFNA2	
IFNA5	
IFNA8	
IFNAR1	
IFNAR2	
IFNB1	
IFNG	
IFNGR1	True
IFNGR2	
IFNL1	False
IFNL2	False
IFNL3	False
IFNLR1	False
IFNW1	False
IFRD1	False
IFT140	
IFT172	False
IFT20	False
IFT27	False
IFT57	False
IFT80	False
IFT88	False
IGBP1	
IGDCC3	False
IGF1	True
IGF1R	True
IGF2	True
IGF2BP1	
IGF2BP2	True
IGF2R	
IGFALS	
IGFBP1	
IGFBP2	
IGFBP3	
IGFBP4	False
IGFBP5	
IGFBP6	
IGFBP7	
IGHD	False
IGHG1	
IGHM	False
IGHMBP2	
IGKC	False
IGLC1	False
IGLL1	
IGSF1	False
IGSF21	False
IGSF5	False
IGSF8	
IGSF9	False
IHH	
IK	False
IKBKB	True
IKBKE	True
IKBKG	
IKZF1	True
IKZF2	
IKZF3	True
IKZF4	False
IKZF5	False
IL10	
IL10RA	
IL10RB	
IL11	False
IL11RA	False
IL12A	
IL12B	
IL12RB1	
IL12RB2	
IL13	
IL13RA1	
IL13RA2	False
IL15	
IL15RA	
IL16	
IL17A	
IL17B	False
IL17RA	
IL17RB	
IL17RD	False
IL18	False
IL18BP	False
IL18R1	False
IL18RAP	
IL19	False
IL1A	
IL1B	
IL1F10	False
IL1R1	
IL1R2	
IL1RAP	False
IL1RAPL1	
IL1RL1	
IL1RL2	False
IL1RN	
IL2	True
IL20	False
IL20RA	False
IL20RB	False
IL21	False
IL21R	True
IL22	
IL22RA1	
IL22RA2	False
IL23A	
IL23R	
IL24	
IL25	False
IL27	False
IL27RA	False
IL2RA	
IL2RB	
IL2RG	
IL3	True
IL31RA	False
IL32	False
IL33	False
IL34	False
IL36RN	False
IL37	False
IL3RA	
IL4	
IL4R	
IL5	
IL5RA	
IL6	
IL6R	
IL6ST	True
IL7	
IL7R	True
IL9	
IL9R	False
ILF2	False
ILF3	False
ILK	
ILKAP	False
ILVBL	False
IMMT	False
IMP3	False
IMP4	
IMPA1	
IMPA2	False
IMPDH2	False
INA	False
INCA1	False
INCENP	False
ING1	
ING2	
ING3	
ING4	
ING5	False
INHA	True
INHBA	True
INHBB	False
INHBC	False
INHBE	
INO80B	False
INO80C	False
INPP1	False
INPP4A	
INPP5A	False
INPP5B	False
INPP5D	
INPP5E	False
INPP5K	
INPPL1	True
INS	
INSC	False
INSIG1	False
INSIG2	False
INSL3	
INSM1	False
INSR	True
INSRR	
INTS1	False
INTS10	False
INTS11	False
INTS13	False
INTS4	
INTS9	False
INVS	False
IP6K1	False
IP6K2	False
IPCEF1	False
IPO11	False
IPO13	False
IPO5	
IPO7	
IPO8	False
IPO9	False
IPP	False
IQCB1	
IQCG	
IQCN	False
IQGAP1	
IQGAP2	
IQUB	False
IRAG1	
IRAK1	False
IRAK1BP1	False
IRAK2	
IRAK3	False
IRAK4	
IREB2	False
IRF1	True
IRF2	
IRF2BP1	False
IRF2BP2	
IRF2BPL	False
IRF3	False
IRF4	True
IRF5	
IRF7	
IRF8	True
IRF9	False
IRS1	True
IRS2	True
IRS4	True
IRX4	False
IRX5	False
ISG15	False
ISG20L2	False
ISL1	False
ISL2	False
ISOC2	
IST1	False
ISYNA1	False
ITCH	
ITFG2	False
ITGA1	
ITGA10	False
ITGA11	
ITGA2	
ITGA2B	
ITGA3	
ITGA4	
ITGA5	
ITGA6	
ITGA7	
ITGA8	False
ITGA9	
ITGAD	False
ITGAE	
ITGAL	False
ITGAM	
ITGAV	True
ITGAX	
ITGB1	
ITGB1BP1	False
ITGB1BP2	False
ITGB2	
ITGB3	
ITGB3BP	False
ITGB4	
ITGB5	
ITGB6	False
ITGB7	
ITGB8	False
ITIH2	False
ITIH3	False
ITIH4	False
ITK	True
ITLN1	
ITM2B	
ITM2C	False
ITPK1	False
ITPKA	False
ITPKB	
ITPR1	
ITPR2	
ITPR3	
ITPRID2	False
ITPRIP	False
ITPRIPL1	False
ITSN1	False
ITSN2	False
IVL	False
IVNS1ABP	False
IWS1	
JADE1	False
JAG1	
JAG2	
JAK1	True
JAK2	True
JAK3	True
JAKMIP1	
JAKMIP2	
JAM2	False
JAM3	False
JARID2	True
JAZF1	
JCHAIN	False
JDP2	
JKAMP	False
JMJD1C	
JMJD7-PLA2G4B	
JMY	False
JPH2	
JPH3	False
JPT1	False
JPT2	False
JTB	False
JUN	True
JUNB	
JUND	
JUP	
KALRN	
KANK1	
KANSL1	
KANSL3	False
KARS1	
KASH5	
KAT14	
KAT2A	
KAT2B	
KAT5	
KAT6A	True
KAT6B	True
KAT7	True
KAT8	False
KATNA1	False
KATNAL1	False
KATNB1	
KATNBL1	False
KAZN	False
KBTBD4	
KBTBD7	False
KCNA1	
KCNA10	False
KCNA2	False
KCNA3	False
KCNA4	
KCNA5	
KCNAB1	
KCNAB2	False
KCNB1	False
KCNB2	
KCNC1	False
KCND1	False
KCND2	
KCND3	False
KCNE1	
KCNE2	
KCNE4	False
KCNF1	False
KCNG1	False
KCNG2	False
KCNG3	False
KCNG4	False
KCNH1	
KCNH2	
KCNH5	
KCNIP1	False
KCNIP2	False
KCNIP3	False
KCNIP4	False
KCNJ1	
KCNJ10	False
KCNJ11	False
KCNJ12	False
KCNJ15	False
KCNJ16	False
KCNJ2	
KCNJ3	False
KCNJ4	False
KCNJ5	True
KCNJ6	False
KCNJ8	
KCNJ9	
KCNK1	
KCNK15	False
KCNK18	
KCNK3	False
KCNK9	False
KCNMA1	
KCNMB1	False
KCNN2	
KCNN4	False
KCNQ1	
KCNQ2	
KCNQ3	
KCNQ4	False
KCNQ5	
KCNRG	False
KCNS3	False
KCNV1	False
KCNV2	
KCTD13	False
KCTD15	False
KCTD17	False
KCTD3	False
KCTD4	False
KCTD5	False
KDELR1	
KDM1A	
KDM2A	
KDM4B	False
KDM5A	True
KDM5B	False
KDM5D	False
KDM6A	True
KDM8	
KDR	True
KEAP1	True
KEL	
KHDC4	False
KHDRBS1	False
KHDRBS2	
KHDRBS3	False
KHSRP	
KIAA0232	False
KIAA0319	
KIAA0408	False
KIAA0513	False
KIAA0930	False
KIAA1191	False
KIAA1217	False
KIAA1549	
KIAA1549L	False
KIAA2026	False
KIDINS220	
KIF11	False
KIF13A	
KIF13B	False
KIF14	
KIF15	
KIF17	False
KIF18A	False
KIF1A	
KIF1B	
KIF1C	False
KIF20A	False
KIF20B	
KIF22	False
KIF23	
KIF2A	False
KIF2B	
KIF2C	False
KIF3A	False
KIF3B	False
KIF3C	False
KIF4A	
KIF5A	
KIF5B	True
KIF5C	
KIF6	False
KIFAP3	False
KIFBP	False
KIFC2	False
KIFC3	
KIR2DL1	False
KIR2DL2	False
KIR2DL3	False
KIR2DL4	False
KIR2DL5A	False
KIR2DS1	False
KIR2DS2	False
KIR2DS4	False
KIR3DL1	
KIR3DL2	False
KIR3DS1	False
KIRREL1	False
KIRREL3	
KISS1	False
KISS1R	
KIT	True
KITLG	
KL	
KLB	
KLC1	False
KLC2	False
KLC3	False
KLC4	False
KLF1	
KLF10	False
KLF11	
KLF12	False
KLF13	False
KLF16	False
KLF2	True
KLF3	True
KLF4	True
KLF5	True
KLF6	True
KLF7	False
KLF8	False
KLF9	False
KLHDC2	False
KLHDC9	False
KLHL1	False
KLHL12	False
KLHL17	
KLHL2	False
KLHL20	False
KLHL26	False
KLHL3	False
KLHL35	False
KLHL41	False
KLHL42	False
KLHL8	
KLK1	
KLK10	
KLK13	
KLK2	True
KLK3	
KLK4	
KLK5	
KLK6	
KLKB1	False
KLRA1P	False
KLRB1	False
KLRC1	False
KLRC2	False
KLRC3	False
KLRC4	False
KLRD1	False
KLRG1	False
KLRK1	
KMT2A	True
KMT2D	True
KMT5A	
KMT5C	False
KNG1	
KNL1	True
KNSTRN	True
KNTC1	False
KPNA1	False
KPNA2	False
KPNA3	False
KPNA4	False
KPNA5	
KPNA6	False
KPNB1	
KPTN	False
KRAS	True
KREMEN1	
KRI1	False
KRIT1	
KRR1	False
KRT1	
KRT10	
KRT13	
KRT14	
KRT15	
KRT16	
KRT17	
KRT18	
KRT19	False
KRT2	
KRT20	False
KRT27	False
KRT31	False
KRT5	
KRT6A	
KRT6B	
KRT7	False
KRT8	
KRT81	
KRT85	False
KRT9	
KRTAP3-2	False
KRTAP4-12	False
KSR1	
KSR2	True
KTN1	True
KXD1	False
KY	False
KYAT3	False
L1CAM	
L3MBTL1	False
L3MBTL2	False
LACRT	False
LAD1	False
LAG3	False
LAIR1	False
LALBA	False
LAMA1	
LAMA2	
LAMA3	
LAMA4	
LAMA5	
LAMB1	
LAMB3	
LAMC1	
LAMC2	
LAMP1	
LAMP2	
LAMTOR1	False
LAMTOR2	
LAMTOR3	False
LAMTOR5	False
LANCL1	False
LAPTM4A	
LAPTM5	
LARP1	
LARS1	False
LASP1	True
LAT	
LAT2	False
LATS1	True
LATS2	True
LAX1	False
LBP	
LBR	
LCAT	
LCK	True
LCMT1	False
LCN1	False
LCN2	False
LCOR	False
LCP1	
LCP2	False
LCT	False
LDB1	
LDB2	False
LDB3	
LDHA	
LDHB	
LDHD	False
LDLR	
LDLRAP1	
LDOC1	
LEF1	True
LEMD3	
LENG1	False
LENG8	False
LEO1	False
LEP	
LEPR	
LEPROTL1	True
LFNG	
LGALS1	
LGALS13	False
LGALS2	False
LGALS3	
LGALS3BP	
LGALS4	False
LGALS7	False
LGALS8	False
LGI1	
LGTN	False
LHB	False
LHCGR	
LHX1	False
LHX2	False
LHX3	
LHX4	
LHX9	False
LIF	False
LIFR	True
LIG1	False
LIG3	False
LIG4	
LILRA3	False
LILRB1	
LILRB2	
LILRB4	False
LIM2	False
LIMA1	False
LIMD1	
LIME1	False
LIMK1	
LIMK2	False
LIMS1	False
LIMS2	False
LIN37	False
LIN7A	
LIN7B	False
LIN7C	False
LIN9	
LINC00305	False
LINC00312	False
LINGO1	False
LIPC	
LIPE	
LIPF	False
LIPT1	False
LITAF	
LLCFC1	False
LLGL1	
LLPH	False
LMAN1	
LMBR1L	False
LMNA	True
LMNB1	False
LMNB2	
LMO1	True
LMO2	True
LMO3	
LMO4	False
LMO7	
LMOD1	False
LMTK2	False
LMX1A	
LMX1B	
LNPEP	
LNPK	False
LNX1	False
LNX2	False
LONRF3	
LOX	
LOXL1	
LOXL2	
LOXL3	
LOXL4	
LPA	False
LPAR1	
LPAR2	
LPAR3	
LPL	
LPP	True
LPXN	False
LRAT	
LRATD2	
LRCH3	False
LRCH4	False
LRFN1	False
LRG1	False
LRIF1	False
LRP1	
LRP10	False
LRP12	False
LRP1B	True
LRP2	
LRP2BP	False
LRP3	False
LRP4	False
LRP5	True
LRP6	True
LRP8	
LRPAP1	False
LRPPRC	
LRR1	False
LRRC1	False
LRRC18	
LRRC23	False
LRRC41	False
LRRC4C	
LRRC59	False
LRRC7	
LRRC8D	False
LRRCC1	False
LRRFIP1	
LRRFIP2	False
LRRN4	False
LRSAM1	False
LSAMP	
LSM1	False
LSM10	False
LSM11	False
LSM12	False
LSM14B	False
LSM2	False
LSM3	False
LSM4	False
LSM5	False
LSM6	False
LSM7	False
LSP1	
LSR	False
LST1	False
LTA	
LTA4H	
LTB	True
LTB4R	False
LTBP1	False
LTBP3	
LTBP4	
LTBR	
LTC4S	False
LTF	False
LTK	
LUC7L	
LUC7L2	
LUC7L3	False
LUM	
LURAP1	False
LY6E	
LY6G6F	False
LY6H	False
LY86	False
LY9	False
LY96	False
LYAR	False
LYL1	True
LYN	True
LYPD3	
LYPLA1	
LYPLA2	False
LYST	
LYZ	
LZTR1	True
LZTS1	
LZTS2	False
M1AP	
M6PR	False
MACF1	
MACO1	False
MACROD1	
MACROH2A1	
MAD1L1	
MAD2L1	
MAD2L1BP	False
MAD2L2	True
MADCAM1	False
MADD	
MAEA	False
MAF	True
MAF1	False
MAFA	
MAFB	True
MAFF	False
MAFG	
MAFK	
MAG	False
MAGEA1	
MAGEA11	False
MAGEA12	False
MAGEA4	False
MAGEB18	False
MAGEB4	False
MAGEC1	
MAGED1	
MAGED2	False
MAGED4B	False
MAGEE1	
MAGEH1	False
MAGI1	False
MAGI2	
MAGI3	False
MAGOH	False
MAGOHB	False
MAL2	False
MALL	False
MALSU1	
MALT1	True
MAML1	
MAML2	True
MAML3	
MAMSTR	
MAN1A2	
MAN1C1	False
MAN2A2	False
MAN2B1	
MAN2C1	False
MAOA	False
MAP1A	False
MAP1B	False
MAP1LC3A	
MAP1LC3B	
MAP1S	
MAP2	
MAP2K1	True
MAP2K2	True
MAP2K3	
MAP2K4	True
MAP2K5	
MAP2K6	
MAP2K7	
MAP3K1	True
MAP3K10	False
MAP3K11	False
MAP3K12	
MAP3K13	True
MAP3K14	True
MAP3K2	False
MAP3K3	
MAP3K4	
MAP3K5	
MAP3K6	
MAP3K7	
MAP3K7CL	False
MAP3K8	
MAP3K9	
MAP4	
MAP4K1	False
MAP4K2	
MAP4K3	
MAP4K4	False
MAP4K5	False
MAP6	False
MAP7	
MAP7D1	False
MAPK1	True
MAPK10	
MAPK11	
MAPK12	
MAPK13	
MAPK14	
MAPK15	False
MAPK1IP1L	False
MAPK3	True
MAPK4	
MAPK6	
MAPK7	
MAPK8	
MAPK8IP1	
MAPK8IP2	False
MAPK8IP3	False
MAPK9	
MAPKAP1	
MAPKAPK2	
MAPKAPK3	False
MAPKAPK5	
MAPKBP1	False
MAPRE1	
MAPRE2	False
MAPRE3	
MAPT	
MARCHF2	False
MARCHF4	False
MARCHF5	False
MARCHF7	False
MARCHF8	False
MARCKS	
MARCKSL1	False
MARCO	False
MARK1	False
MARK2	
MARK3	
MARK4	
MARS1	
MAS1	
MASP1	False
MASP2	False
MAST1	
MAST2	False
MAST3	
MAT2A	False
MAT2B	False
MATK	
MATN1	False
MATN2	False
MATN3	
MATN4	False
MATR3	
MAVS	False
MAX	True
MAZ	
MBD1	
MBD2	
MBD3	False
MBD3L1	False
MBD4	
MBD5	
MBD6	True
MBIP	False
MBL2	False
MBP	False
MBTPS1	False
MBTPS2	False
MC1R	
MC2R	
MC3R	False
MC4R	
MC5R	False
MCAM	
MCC	
MCF2	
MCF2L	False
MCF2L2	
MCFD2	
MCHR1	
MCHR2	
MCL1	True
MCM10	False
MCM2	
MCM3	
MCM3AP	False
MCM4	
MCM5	
MCM6	
MCM7	
MCM8	False
MCMBP	
MCOLN1	
MCRIP2	False
MCRS1	
MCTS1	False
MCUB	False
MDC1	
MDFI	False
MDH1	False
MDH2	
MDK	
MDM2	True
MDM4	True
ME2	False
MEA1	False
MEAF6	False
MEAK7	False
MECOM	True
MECP2	
MECR	False
MED1	
MED10	False
MED11	False
MED12	True
MED13	
MED13L	
MED14	False
MED15	False
MED16	
MED17	False
MED18	False
MED19	False
MED20	False
MED21	False
MED22	False
MED23	
MED24	False
MED25	
MED26	False
MED27	False
MED28	
MED29	False
MED30	False
MED31	
MED4	False
MED6	False
MED7	False
MED8	False
MED9	False
MEF2A	
MEF2B	True
MEF2C	
MEF2D	True
MEFV	
MEGF10	False
MEGF11	False
MEGF6	False
MEGF8	False
MEIG1	False
MEIS1	
MEIS2	False
MEIS3	False
MELK	
MELTF	False
MEN1	True
MEOX1	False
MEOX2	False
MEP1A	
MEP1B	False
MERTK	
MESD	False
MET	True
METAP2	
METTL1	False
METTL17	False
METTL18	False
METTL2B	False
METTL9	False
MEX3B	False
MEX3D	False
MFAP1	False
MFAP2	False
MFAP4	
MFAP5	
MFN1	False
MFN2	
MFNG	False
MFRP	
MFSD3	False
MGAM	True
MGAT1	False
MGAT4B	False
MGLL	False
MGME1	False
MGMT	True
MGP	False
MGST1	
MGST2	
MGST3	
MIA	False
MIB1	
MIB2	
MICA	
MICAL1	False
MICAL2	
MICAL3	False
MICALL1	False
MICB	
MICU2	False
MID1	
MID1IP1	False
MID2	False
MIEF1	False
MIEF2	False
MIER1	
MIF	
MIF4GD	False
MINDY1	False
MINDY3	False
MINK1	False
MINPP1	False
MIP	
MIR9-1HG	False
MIS12	False
MIS18BP1	False
MITD1	False
MITF	True
MKI67	
MKKS	
MKNK1	
MKNK2	False
MKRN1	
MKS1	
MLC1	
MLF1	True
MLH1	True
MLH3	
MLLT1	True
MLLT10	True
MLLT3	True
MLLT6	True
MLN	False
MLNR	False
MLPH	
MLST8	
MLX	False
MLXIP	False
MLXIPL	
MMAA	False
MMAB	
MME	
MMP1	
MMP10	False
MMP11	
MMP12	False
MMP13	
MMP14	
MMP15	
MMP16	
MMP17	False
MMP19	
MMP2	
MMP20	
MMP24	
MMP25	False
MMP26	
MMP3	
MMP7	False
MMP8	
MMP9	
MMRN1	False
MMS19	False
MMS22L	
MMUT	False
MN1	True
MNAT1	
MNDA	False
MNS1	False
MNT	False
MOAP1	
MOB1A	False
MOB3B	True
MOB4	False
MOCS2	False
MOCS3	
MOG	
MOGS	
MOK	False
MON1A	False
MORC4	
MORF4L1	False
MORF4L2	False
MORN2	False
MOS	
MPC1	
MPC2	False
MPDU1	
MPDZ	
MPG	False
MPHOSPH10	False
MPHOSPH6	False
MPHOSPH8	False
MPHOSPH9	False
MPIG6B	False
MPL	True
MPO	
MPP1	
MPP2	False
MPP3	False
MPP4	False
MPRIP	False
MPZ	
MPZL1	False
MRAS	
MRC1	
MRE11	True
MRFAP1	False
MRFAP1L1	False
MRGBP	False
MRGPRX2	False
MRI1	False
MRPL12	
MRPL17	False
MRPL19	False
MRPL20	
MRPL28	False
MRPL38	False
MRPL4	False
MRPL42	False
MRPL44	False
MRPL9	False
MRPS12	False
MRPS18B	False
MRPS22	
MRPS26	False
MRPS31	
MRPS34	False
MRPS6	False
MRPS9	False
MRTFA	True
MRTFB	False
MS4A1	False
MS4A2	False
MS4A3	False
MS4A7	False
MSANTD2	False
MSC	False
MSH2	True
MSH3	True
MSH4	False
MSH5	
MSH6	True
MSI1	True
MSLN	
MSMO1	False
MSN	True
MSR1	
MST1	True
MST1R	True
MSTN	
MSX1	
MSX2	
MT-CO2	
MT-CO3	
MT-ND1	
MT-ND2	
MT-ND3	
MT-ND4	
MT1F	False
MT1G	False
MT1H	
MT2A	False
MTA1	
MTA2	False
MTA3	
MTAP	True
MTBP	False
MTCH1	False
MTCH2	False
MTCP1	True
MTERF4	False
MTF1	False
MTF2	False
MTFR1	False
MTG1	False
MTHFR	
MTHFS	False
MTIF2	False
MTM1	
MTMR10	False
MTMR11	False
MTMR12	False
MTMR2	
MTMR4	False
MTMR6	False
MTMR7	False
MTMR8	
MTMR9	False
MTNR1A	False
MTNR1B	
MTOR	True
MTPN	False
MTR	
MTRES1	False
MTREX	
MTRR	
MTSS1	False
MTTP	
MTUS1	
MTUS2	
MTX1	False
MTX2	False
MUC1	True
MUC13	
MUC16	
MUC2	
MUC20	False
MUC4	
MUC6	
MUC7	
MUL1	False
MUS81	False
MUSK	
MUTYH	True
MVB12A	False
MVD	False
MVK	
MVP	
MX1	False
MXD1	
MXD3	False
MXD4	False
MXI1	
MYB	True
MYBBP1A	
MYBL1	
MYBL2	
MYBPC1	False
MYBPC2	False
MYBPC3	
MYBPH	False
MYC	True
MYCBP	
MYCBP2	
MYCBPAP	False
MYCL	True
MYCN	True
MYD88	True
MYDGF	False
MYF5	False
MYF6	
MYG1	False
MYH1	
MYH10	False
MYH11	True
MYH13	False
MYH14	False
MYH2	
MYH4	
MYH7	
MYH9	True
MYL1	False
MYL12A	
MYL12B	False
MYL2	
MYL3	
MYL6	False
MYL9	False
MYLIP	False
MYLK	
MYO10	False
MYO15A	False
MYO16	False
MYO18A	
MYO18B	
MYO1A	
MYO1C	False
MYO1E	
MYO1F	False
MYO1G	
MYO3A	False
MYO5A	True
MYO5B	
MYO6	
MYO7A	
MYO9A	
MYO9B	
MYOC	
MYOCD	
MYOD1	True
MYOG	False
MYOM1	False
MYOM2	
MYOT	
MYOZ1	False
MYOZ2	
MYOZ3	
MYPN	False
MYPOP	False
MYRIP	
MYT1	
MZF1	False
N4BP2	True
N4BP3	
NAA10	
NAA11	False
NAA15	False
NAA16	False
NAA38	False
NAA80	False
NAB1	False
NAB2	True
NACA	
NACC1	
NADK	True
NADSYN1	False
NAE1	False
NAGA	
NAGK	False
NAGPA	False
NAGS	False
NAIP	False
NANOS1	
NAP1L1	
NAP1L4	False
NAP1L5	False
NAPA	
NAPG	False
NARF	False
NARS1	False
NASP	False
NAT1	
NAT2	
NAT8	False
NAT9	False
NAV1	
NAV2	False
NAXE	False
NBAS	False
NBEA	True
NBL1	
NBN	True
NBPF3	False
NBR1	
NCALD	False
NCAM1	False
NCAM2	
NCAN	False
NCAPD2	
NCAPD3	
NCAPG	
NCAPG2	
NCAPH	False
NCBP1	
NCBP2	False
NCDN	False
NCF1	
NCF2	
NCF4	
NCK1	
NCK2	False
NCKAP1	False
NCKAP5	False
NCKIPSD	
NCL	False
NCLN	False
NCOA1	True
NCOA2	True
NCOA3	True
NCOA4	True
NCOA5	False
NCOA6	
NCOA7	False
NCOR1	True
NCOR2	True
NCR1	False
NCR2	
NCR3	False
NCS1	False
NCSTN	True
NDC1	False
NDC80	
NDE1	
NDEL1	
NDFIP1	False
NDFIP2	False
NDN	False
NDOR1	False
NDRG1	True
NDRG2	
NDUFA1	False
NDUFA13	
NDUFA4L2	False
NDUFA5	
NDUFA6	False
NDUFA7	False
NDUFAF1	False
NDUFAF3	False
NDUFB1	False
NDUFB10	False
NDUFB3	False
NDUFB8	False
NDUFB9	
NDUFS1	False
NDUFS6	False
NDUFS7	
NDUFV1	
NDUFV2	
NDUFV3	False
NEB	
NEBL	
NECAB2	False
NECAB3	False
NECAP1	False
NECAP2	False
NECTIN1	
NECTIN2	False
NECTIN3	False
NECTIN4	
NEDD1	False
NEDD4	
NEDD4L	False
NEDD8	False
NEDD9	False
NEFH	
NEFL	
NEFM	False
NEIL1	
NEIL2	False
NEK1	
NEK11	False
NEK2	
NEK3	False
NEK6	False
NEK7	False
NEK8	False
NEK9	False
NELFA	False
NELFB	False
NELFCD	
NELFE	
NELL1	False
NELL2	False
NEO1	False
NES	
NET1	
NEU1	
NEU3	
NEU4	False
NEURL2	False
NEURL4	
NEUROD1	
NEUROD2	False
NEUROD6	False
NEUROG1	False
NEUROG2	
NEXN	
NF1	True
NF2	True
NFAM1	False
NFASC	False
NFAT5	
NFATC1	
NFATC2	True
NFATC2IP	False
NFATC3	
NFATC4	
NFE2	True
NFE2L1	False
NFE2L2	True
NFE2L3	
NFIA	False
NFIB	True
NFIC	
NFIL3	False
NFIX	
NFKB1	
NFKB2	True
NFKBIA	True
NFKBIB	
NFKBIE	True
NFKBIZ	
NFRKB	False
NFU1	False
NFX1	False
NFYA	False
NFYB	False
NFYC	False
NGB	False
NGEF	
NGF	
NGFR	
NGLY1	False
NHEJ1	
NHLH1	False
NHLH2	False
NHLRC1	
NID1	
NID2	False
NIF3L1	False
NIFK	False
NIN	True
NINL	False
NIP7	False
NIPBL	
NIPSNAP1	False
NIPSNAP3A	False
NISCH	False
NIT1	False
NKAP	False
NKD1	
NKD2	
NKIRAS1	False
NKIRAS2	False
NKRF	False
NKTR	
NKX2-1	True
NKX2-2	
NKX2-3	
NKX2-5	
NKX3-1	True
NLE1	
NLGN1	False
NLGN2	False
NLGN3	False
NLGN4X	
NLK	
NLN	
NLRC4	
NLRP1	
NLRP12	
NLRP2	
NLRP3	
NLRP4	False
NMB	False
NMBR	
NMD3	False
NME1	
NME2	False
NME3	
NME4	False
NME5	False
NME7	False
NMI	False
NMRK2	
NMS	False
NMT1	
NMT2	False
NMU	False
NMUR1	False
NMUR2	
NOA1	False
NOB1	False
NOC2L	
NOC4L	False
NOD1	
NOD2	
NOG	
NOL11	False
NOL12	False
NOL3	
NOL4	False
NOL8	False
NOLC1	False
NOM1	False
NOMO1	False
NOMO3	False
NONO	True
NOP2	False
NOP53	
NOP56	
NOS1	
NOS1AP	False
NOS2	
NOS3	False
NOSIP	False
NOSTRIN	False
NOTCH1	True
NOTCH2	True
NOTCH2NLA	False
NOTCH3	True
NOTCH4	True
NOVA1	
NOX1	False
NOX4	
NOXA1	
NOXO1	False
NPAS2	False
NPAS4	False
NPAT	
NPB	False
NPBWR1	False
NPBWR2	False
NPC2	
NPDC1	False
NPFF	False
NPFFR1	False
NPFFR2	False
NPHP1	
NPHP3	False
NPHP4	False
NPHS1	
NPHS2	
NPLOC4	False
NPM1	True
NPM3	False
NPNT	
NPPA	
NPPB	False
NPPC	False
NPR1	False
NPR2	False
NPR3	
NPTX1	False
NPTX2	False
NPTXR	False
NPW	False
NPY	
NPY1R	
NPY2R	False
NPY4R	False
NPY5R	False
NQO1	
NQO2	False
NR0B1	
NR0B2	
NR1D1	False
NR1D2	
NR1H2	False
NR1H3	False
NR1H4	
NR1I2	
NR1I3	False
NR2C1	False
NR2C2	
NR2C2AP	False
NR2E3	
NR2F1	
NR2F2	False
NR2F6	
NR3C1	
NR3C2	
NR4A1	
NR4A2	
NR4A3	True
NR5A1	
NR5A2	False
NR6A1	False
NRAP	False
NRAS	True
NRBF2	False
NRBP1	False
NRCAM	
NRDC	False
NREP	False
NRF1	
NRG1	True
NRG2	
NRG3	
NRG4	
NRGN	False
NRIP1	
NRIP2	False
NRK	
NRL	
NRP1	
NRP2	
NRSN1	False
NRSN2	False
NRTN	False
NRXN1	False
NRXN2	
NRXN3	
NSD1	True
NSF	False
NSFL1C	False
NSL1	False
NSMAF	
NSMF	
NSUN2	False
NSUN4	False
NT5C2	True
NT5E	
NTAQ1	False
NTF3	False
NTF4	
NTHL1	True
NTN1	
NTN3	False
NTN4	
NTNG1	False
NTNG2	False
NTRK1	True
NTRK2	True
NTRK3	True
NTS	False
NTSR1	
NTSR2	False
NUAK1	
NUAK2	False
NUB1	False
NUBP1	
NUCB1	False
NUCB2	False
NUCKS1	False
NUDC	False
NUDCD3	False
NUDT10	
NUDT14	
NUDT18	False
NUDT21	False
NUDT3	False
NUDT5	False
NUDT9	False
NUF2	True
NUFIP1	False
NUFIP2	False
NUMA1	True
NUMB	
NUMBL	False
NUP107	
NUP133	
NUP153	False
NUP155	False
NUP160	False
NUP205	False
NUP210	False
NUP214	True
NUP37	False
NUP42	False
NUP43	False
NUP50	
NUP54	
NUP58	False
NUP62	
NUP62CL	False
NUP85	
NUP88	False
NUP93	
NUP98	True
NUPR1	
NUTF2	False
NVL	False
NXF1	
NXF2	False
NXF3	False
NXF5	
NXN	False
NXPH1	False
NXPH2	False
NXPH3	False
NXT1	False
NXT2	False
NYNRIN	False
OASL	False
OAT	
OAZ1	False
OAZ2	False
OAZ3	False
OBP2A	False
OBSCN	
OC90	False
OCLN	
OCM2	False
OCRL	
ODC1	
ODF1	False
ODF2	False
ODF2L	False
OFD1	
OGA	False
OGDH	
OGFOD2	False
OGG1	
OGT	False
OIP5	False
OLA1	False
OLFM2	False
OLFM3	
OLFM4	
OLFML3	False
OLIG2	True
OLIG3	
OLR1	
OMG	False
OMP	False
ONECUT1	False
OPCML	
OPHN1	
OPN1LW	
OPN1MW	
OPN4	False
OPRD1	
OPRK1	
OPRL1	False
OPRM1	False
OPRPN	False
OPTC	False
OPTN	
OR1G1	False
ORAI1	False
ORAI2	
ORC1	
ORC2	False
ORC3	False
ORC4	False
ORC5	False
ORC6	False
ORM1	False
ORMDL3	
OS9	
OSBP	False
OSBP2	
OSBPL3	
OSCAR	False
OSGEP	False
OSM	False
OSMR	
OSR1	False
OSTF1	False
OSTM1	
OTC	
OTUB1	False
OTUB2	False
OTUD5	
OTUD7B	False
OTULIN	False
OTX1	False
OTX2	
OVGP1	False
OXSR1	False
OXT	False
OXTR	False
P2RX1	False
P2RX2	False
P2RX3	False
P2RX4	False
P2RX6	False
P2RX7	
P2RY1	False
P2RY12	False
P2RY2	False
P3H1	
P4HA2	False
P4HA3	False
P4HB	False
PA2G4	
PAAF1	
PABPC1	True
PABPC4	
PABPN1	
PACS1	False
PACS2	
PACSIN1	
PACSIN2	
PACSIN3	False
PAEP	
PAFAH1B1	
PAFAH1B2	True
PAFAH1B3	False
PAG1	
PAGR1	False
PAICS	
PAIP1	
PAIP2	False
PAIP2B	False
PAK1	True
PAK1IP1	False
PAK2	
PAK3	
PAK4	
PAK5	True
PAK6	
PALB2	True
PALLD	
PALS1	
PALS2	False
PAM	False
PAN2	False
PAN3	
PANK4	False
PANX1	False
PAPOLA	False
PAPPA	False
PAPPA2	
PAPSS1	False
PARD3	
PARD3B	
PARD6A	False
PARD6B	
PARD6G	False
PARG	False
PARK7	
PARN	False
PARP1	True
PARP10	False
PARP11	False
PARP14	False
PARP2	
PARP3	
PARP4	
PARP9	False
PARVA	False
PARVB	
PARVG	
PATJ	
PATZ1	True
PAWR	
PAX1	False
PAX2	
PAX3	True
PAX5	True
PAX6	
PAX7	True
PAX8	True
PAX9	
PAXIP1	False
PBDC1	False
PBK	False
PBLD	False
PBRM1	True
PBX1	True
PBX2	
PBX3	
PBXIP1	False
PC	
PCBD1	
PCBD2	False
PCBP1	True
PCBP2	
PCBP3	
PCBP4	False
PCCA	
PCCB	
PCDH1	False
PCDH17	
PCDH18	
PCDH7	False
PCDH8	False
PCDHA4	False
PCDHA6	False
PCED1A	False
PCGF1	False
PCGF2	False
PCGF6	False
PCID2	False
PCIF1	False
PCLO	
PCM1	True
PCMT1	False
PCNA	
PCNP	False
PCNT	False
PCNX4	
PCOLCE	False
PCP4	False
PCSK1	
PCSK1N	False
PCSK2	False
PCSK4	
PCSK5	
PCSK6	
PCSK7	
PCSK9	
PCYT1A	
PCYT1B	
PCYT2	False
PDAP1	
PDC	False
PDCD1	True
PDCD10	
PDCD11	
PDCD2	
PDCD4	
PDCD5	
PDCD6	
PDCD6IP	False
PDCD7	False
PDCL	False
PDCL2	False
PDE10A	False
PDE1A	False
PDE3B	False
PDE4A	
PDE4B	False
PDE4D	
PDE4DIP	True
PDE5A	False
PDE6D	False
PDE6G	
PDE6H	
PDE9A	False
PDGFA	
PDGFB	True
PDGFC	
PDGFD	
PDGFRA	True
PDGFRB	True
PDHA1	
PDHA2	
PDHB	
PDHX	False
PDIA2	False
PDIA3	False
PDIA4	
PDIA5	False
PDIA6	False
PDIK1L	False
PDILT	False
PDK1	
PDK2	
PDK3	False
PDK4	False
PDLIM1	False
PDLIM3	False
PDLIM4	False
PDLIM5	
PDLIM7	False
PDP1	False
PDP2	
PDPK1	
PDPN	False
PDX1	
PDXDC1	
PDYN	
PDZD11	False
PDZD2	
PDZD3	False
PDZD4	False
PDZK1	False
PDZK1IP1	
PDZRN3	
PEA15	
PEBP1	
PEBP4	False
PECAM1	
PECR	False
PEDS1-UBE2V1	False
PEF1	False
PEG10	
PEG3	
PELI1	False
PELI2	False
PELI3	
PELP1	False
PEPD	
PER1	True
PER2	
PER3	
PES1	
PEX1	
PEX10	
PEX11A	False
PEX11B	False
PEX12	
PEX13	
PEX14	
PEX16	
PEX19	
PEX2	
PEX26	
PEX3	
PEX5	
PEX5L	False
PEX6	
PEX7	
PF4	
PFDN1	False
PFDN2	False
PFDN4	False
PFDN5	False
PFDN6	False
PFKFB2	
PFKL	
PFKM	
PFKP	
PFN1	
PFN2	False
PGAM1	
PGAM5	False
PGD	
PGF	
PGGT1B	False
PGK1	
PGLS	False
PGM1	
PGM5	False
PGR	True
PGRMC1	False
PGS1	False
PHACTR1	False
PHACTR3	False
PHACTR4	False
PHAF1	False
PHAX	
PHB1	
PHB2	False
PHC1	False
PHC2	
PHEX	
PHF1	
PHF10	False
PHF12	False
PHF21A	
PHF23	
PHGDH	
PHIP	
PHKA1	
PHKA2	
PHKB	
PHKG1	False
PHKG2	
PHLDA1	
PHLDB2	False
PHOX2A	False
PHPT1	False
PHYH	
PHYHIP	False
PHYHIPL	False
PI3	False
PI4K2A	False
PI4K2B	False
PI4KA	
PI4KB	False
PIAS1	
PIAS2	False
PIAS3	
PIAS4	False
PICALM	True
PICK1	
PIDD1	False
PIGA	True
PIGC	
PIGF	False
PIGG	False
PIGH	False
PIGK	False
PIGM	False
PIGO	False
PIGQ	False
PIGR	
PIGT	
PIGU	False
PIGX	False
PIGY	
PIH1D1	False
PIK3AP1	
PIK3C2A	
PIK3C2B	
PIK3C3	
PIK3CA	True
PIK3CB	True
PIK3CD	True
PIK3CG	True
PIK3R1	True
PIK3R2	True
PIK3R3	True
PIK3R4	
PIK3R5	
PIKFYVE	
PILRA	False
PILRB	False
PIM1	True
PIM2	
PIM3	
PIN1	False
PIN4	False
PIP	False
PIP4K2A	
PIP4K2B	False
PIP4K2C	False
PIP5K1A	
PIP5K1B	
PIP5K1C	
PIP5KL1	False
PIPOX	False
PIR	False
PISD	False
PITHD1	False
PITPNA	False
PITPNB	False
PITPNC1	False
PITPNM1	False
PITPNM2	
PITPNM3	
PITX1	
PITX2	False
PIWIL1	
PIWIL2	
PIWIL4	False
PJA1	False
PJA2	False
PKD1	
PKD2	
PKD2L1	False
PKHD1	
PKIA	False
PKIB	False
PKIG	
PKLR	False
PKM	
PKMYT1	False
PKN1	
PKN2	False
PKN3	False
PKNOX1	
PKNOX2	False
PKP1	
PKP2	
PKP3	False
PKP4	
PLA1A	
PLA2G10	False
PLA2G15	False
PLA2G1B	False
PLA2G2A	
PLA2G4A	
PLA2G5	False
PLA2G7	
PLA2R1	
PLAA	False
PLAAT3	False
PLAAT4	
PLAC8	
PLAG1	True
PLAGL1	
PLAGL2	
PLAT	
PLAU	
PLAUR	
PLCB1	
PLCB2	
PLCB3	
PLCD1	
PLCD3	False
PLCD4	False
PLCE1	
PLCG1	True
PLCG2	True
PLCL2	False
PLD1	
PLD2	
PLEC	
PLEK	False
PLEKHA1	False
PLEKHA4	False
PLEKHA5	False
PLEKHA8	
PLEKHB1	
PLEKHB2	False
PLEKHF1	False
PLEKHF2	False
PLEKHG2	
PLEKHG4	False
PLEKHJ1	False
PLEKHM1	
PLEKHM2	False
PLEKHO1	False
PLG	
PLGRKT	False
PLIN1	
PLIN2	False
PLIN3	False
PLK1	
PLK2	
PLK3	
PLK4	
PLN	
PLOD3	False
PLP1	
PLP2	False
PLPP1	
PLPP2	
PLPP3	
PLRG1	
PLS3	False
PLSCR1	False
PLSCR3	False
PLSCR4	
PLTP	False
PLXDC1	
PLXNA1	False
PLXNA2	
PLXNA4	False
PLXNB1	
PLXNB2	
PLXNB3	False
PLXNC1	False
PLXND1	
PMAIP1	True
PMCH	False
PMEPA1	
PMF1	False
PML	True
PMM1	False
PMP22	
PMPCA	
PMPCB	False
PMS1	True
PMS2	True
PNISR	False
PNKD	
PNKP	False
PNLIP	False
PNLIPRP2	False
PNMA1	
PNMA6A	False
PNN	
PNO1	False
PNOC	False
PNP	False
PNPLA2	
PNRC1	
PNRC2	False
PODXL	False
PODXL2	False
POFUT1	False
POGZ	False
POLA1	
POLA2	False
POLB	False
POLD1	True
POLD2	False
POLD3	
POLD4	False
POLDIP2	False
POLDIP3	
POLE	True
POLE2	
POLE3	False
POLE4	False
POLG	True
POLH	
POLI	False
POLK	
POLL	False
POLM	
POLR1A	False
POLR1B	False
POLR1C	
POLR1D	
POLR1E	False
POLR1G	
POLR1H	False
POLR2A	False
POLR2B	False
POLR2C	False
POLR2D	
POLR2E	False
POLR2F	False
POLR2G	False
POLR2H	False
POLR2I	False
POLR2J	False
POLR2K	False
POLR2L	False
POLR2M	False
POLR3A	False
POLR3C	False
POLR3D	False
POLR3E	
POLR3F	False
POLR3H	False
POLRMT	
POM121	False
POMC	
POMP	False
POMT1	
POMT2	
PON1	
PON2	False
POP1	False
POP4	False
POP5	False
POP7	False
POR	
PORCN	
POT1	True
POU1F1	
POU2AF1	True
POU2F1	
POU2F2	
POU2F3	False
POU3F1	False
POU3F2	
POU3F3	
POU3F4	
POU4F1	
POU4F2	False
POU5F1	True
PPA1	False
PPARA	False
PPARD	
PPARG	True
PPARGC1A	False
PPARGC1B	False
PPBP	False
PPCDC	False
PPEF1	False
PPEF2	False
PPFIA1	False
PPFIA2	False
PPFIA3	False
PPFIA4	False
PPFIBP1	True
PPFIBP2	False
PPHLN1	False
PPIA	False
PPIB	
PPIC	False
PPID	False
PPIE	False
PPIF	False
PPIG	
PPIH	False
PPIL1	
PPIL2	False
PPIL3	False
PPIL4	
PPL	False
PPM1A	False
PPM1B	False
PPM1D	True
PPM1E	
PPM1F	
PPM1G	False
PPM1J	
PPM1L	
PPOX	
PPP1CA	
PPP1CB	
PPP1CC	
PPP1R10	False
PPP1R11	False
PPP1R12A	
PPP1R12B	
PPP1R12C	
PPP1R13B	False
PPP1R13L	
PPP1R14A	False
PPP1R15A	
PPP1R15B	False
PPP1R16A	False
PPP1R17	False
PPP1R18	False
PPP1R1A	
PPP1R1B	
PPP1R2	False
PPP1R26	False
PPP1R2C	False
PPP1R3A	
PPP1R3B	
PPP1R3D	False
PPP1R8	
PPP1R9A	
PPP1R9B	
PPP2CA	
PPP2CB	False
PPP2R1A	True
PPP2R1B	False
PPP2R2A	True
PPP2R2B	
PPP2R2D	False
PPP2R3A	
PPP2R3B	False
PPP2R5A	
PPP2R5B	False
PPP2R5C	
PPP2R5D	False
PPP2R5E	False
PPP3CA	
PPP3CB	
PPP3CC	
PPP3R1	
PPP3R2	
PPP4C	
PPP4R1	False
PPP4R2	
PPP4R3B	
PPP4R4	False
PPP5C	False
PPP6C	True
PPP6R2	
PPP6R3	False
PPRC1	False
PPY	False
PQBP1	
PRADC1	False
PRAF2	False
PRAM1	False
PRAME	
PRB4	
PRC1	False
PRCC	True
PRCP	False
PRDM1	True
PRDM16	True
PRDM2	True
PRDM4	False
PRDX1	
PRDX2	False
PRDX3	False
PRDX4	
PRDX5	False
PRDX6	False
PREB	False
PRELP	False
PREP	False
PREPL	False
PREX2	True
PRF1	True
PRG2	False
PRICKLE1	
PRICKLE2	
PRIM1	
PRIMA1	False
PRKAA1	False
PRKAA2	False
PRKAB1	
PRKAB2	
PRKACA	True
PRKACB	
PRKAG1	
PRKAG2	
PRKAG3	False
PRKAR1A	True
PRKAR1B	
PRKAR2A	
PRKAR2B	
PRKCA	
PRKCB	True
PRKCD	
PRKCE	
PRKCG	
PRKCH	
PRKCI	True
PRKCQ	
PRKCSH	False
PRKCZ	
PRKD1	
PRKD2	
PRKD3	False
PRKDC	
PRKG1	
PRKG2	
PRKN	True
PRKRA	
PRKRIP1	False
PRKX	
PRL	False
PRLH	False
PRLHR	False
PRLR	
PRM1	False
PRMT1	False
PRMT2	
PRMT3	False
PRMT5	
PRMT6	False
PRMT8	False
PRND	
PRNP	
PROC	
PROCA1	False
PROCR	False
PROP1	
PROS1	
PROX1	
PROZ	
PRPF18	False
PRPF19	False
PRPF3	
PRPF38A	False
PRPF38B	
PRPF4	False
PRPF40A	False
PRPF40B	True
PRPF4B	
PRPF6	
PRPF8	
PRPH	False
PRPH2	
PRPS1	
PRPS2	False
PRPSAP1	False
PRR13	False
PRR14	False
PRRC2A	False
PRRC2B	
PRRG2	False
PRRT2	
PRRX1	True
PRRX2	
PRSS1	
PRSS2	False
PRSS23	False
PRSS3	
PRSS8	
PRTFDC1	False
PRTN3	False
PRUNE1	
PRUNE2	
PRX	
PSAP	
PSD	False
PSEN1	
PSEN2	
PSENEN	
PSG1	False
PSG2	False
PSG3	False
PSG5	False
PSG9	False
PSIP1	True
PSKH1	False
PSMA1	False
PSMA2	False
PSMA3	False
PSMA4	False
PSMA5	
PSMA6	False
PSMA7	False
PSMB1	False
PSMB10	False
PSMB2	False
PSMB3	False
PSMB4	False
PSMB5	False
PSMB6	False
PSMB7	False
PSMB8	False
PSMB9	False
PSMC1	False
PSMC2	False
PSMC3	
PSMC3IP	False
PSMC4	False
PSMC5	False
PSMC6	False
PSMD1	False
PSMD10	False
PSMD11	False
PSMD12	False
PSMD13	False
PSMD14	False
PSMD2	
PSMD4	False
PSMD5	False
PSMD6	False
PSMD7	False
PSMD8	
PSMD9	False
PSME1	False
PSME2	False
PSME3	False
PSMF1	
PSMG2	False
PSORS1C2	
PSPC1	False
PSPN	False
PSTPIP1	False
PSTPIP2	False
PTAFR	False
PTBP1	
PTBP2	False
PTCD3	False
PTCH1	True
PTCH2	
PTEN	True
PTF1A	
PTGDR	False
PTGDS	False
PTGER1	
PTGER2	
PTGER3	
PTGES	False
PTGES2	False
PTGES3	False
PTGFR	
PTGFRN	
PTGIR	False
PTGS1	
PTGS2	
PTH	
PTH1R	
PTH2	False
PTH2R	False
PTHLH	
PTK2	
PTK2B	
PTK6	True
PTMA	
PTMS	False
PTN	
PTOV1	False
PTP4A1	
PTP4A2	False
PTP4A3	
PTPA	
PTPN1	True
PTPN11	True
PTPN12	
PTPN13	True
PTPN14	
PTPN18	False
PTPN2	True
PTPN21	
PTPN22	
PTPN23	False
PTPN3	False
PTPN4	False
PTPN5	False
PTPN6	True
PTPN7	
PTPN9	
PTPRA	
PTPRB	True
PTPRC	True
PTPRCAP	False
PTPRD	True
PTPRE	
PTPRF	False
PTPRG	
PTPRH	
PTPRJ	
PTPRK	True
PTPRM	False
PTPRN	False
PTPRN2	False
PTPRO	
PTPRR	
PTPRS	True
PTPRT	True
PTPRU	
PTPRZ1	False
PTRH2	False
PTS	False
PTTG1	
PTTG1IP	
PTX3	
PUF60	False
PUM1	False
PUM2	False
PUM3	False
PURA	False
PURB	False
PVR	False
PWP1	False
PWP2	False
PXMP4	
PXN	
PYCARD	
PYCR2	
PYDC2	False
PYGB	False
PYGM	
PYGO1	False
PYGO2	False
PYROXD1	False
PYY	
PZP	
QKI	True
QPRT	
QRICH1	False
QSOX1	False
QTRT1	False
R3HDM1	False
R3HDM2	False
RAB10	False
RAB11A	
RAB11B	False
RAB11FIP1	False
RAB11FIP2	False
RAB11FIP3	False
RAB11FIP4	False
RAB11FIP5	False
RAB13	False
RAB14	
RAB15	False
RAB17	False
RAB18	False
RAB1A	
RAB1B	False
RAB22A	False
RAB25	False
RAB26	False
RAB27A	
RAB27B	
RAB29	False
RAB2A	False
RAB2B	False
RAB30	False
RAB31	
RAB32	False
RAB33A	False
RAB33B	False
RAB34	False
RAB35	True
RAB37	False
RAB38	False
RAB3A	False
RAB3B	False
RAB3C	False
RAB3D	False
RAB3GAP1	False
RAB3GAP2	False
RAB3IL1	False
RAB3IP	False
RAB40C	False
RAB4A	False
RAB4B	False
RAB5A	False
RAB5B	False
RAB5C	
RAB6A	False
RAB6B	False
RAB7A	
RAB8A	
RAB8B	False
RAB9A	False
RABAC1	False
RABEP1	True
RABEPK	
RABGAP1	False
RABGEF1	
RABGGTA	False
RABGGTB	
RABIF	
RABL2B	False
RABL6	False
RAC1	True
RAC2	True
RAC3	
RACGAP1	
RACK1	
RAD1	
RAD17	True
RAD18	False
RAD21	True
RAD23A	
RAD23B	
RAD50	True
RAD51	True
RAD51AP1	False
RAD51AP2	False
RAD51B	True
RAD51C	True
RAD51D	True
RAD52	
RAD54B	False
RAD54L	
RAD54L2	False
RAD9A	
RAD9B	False
RADIL	
RAE1	False
RAET1E	False
RAET1G	False
RAF1	True
RAG1	
RAG2	
RAI1	
RAI14	False
RAI2	False
RALA	
RALB	
RALBP1	
RALGAPA1	
RALGAPA2	False
RALGAPB	False
RALGDS	
RALGPS1	False
RALGPS2	
RALY	
RALYL	
RAMAC	False
RAMP1	
RAMP2	False
RAMP3	False
RAN	
RANBP1	False
RANBP10	
RANBP2	True
RANBP3	False
RANBP9	
RANGAP1	False
RANGRF	False
RAP1A	
RAP1B	
RAP1GAP	
RAP1GDS1	True
RAP2A	
RAP2B	
RAPGEF1	
RAPGEF2	False
RAPGEF3	
RAPGEF4	False
RAPGEF5	
RAPGEF6	False
RAPH1	
RAPSN	
RARA	True
RARB	
RARG	
RARS1	False
RASA1	True
RASA2	
RASA3	
RASA4	False
RASAL2	
RASD1	False
RASD2	False
RASGEF1C	
RASGRF1	
RASGRP1	
RASGRP2	
RASGRP3	
RASGRP4	
RASIP1	False
RASL11B	
RASL12	False
RASSF1	
RASSF2	
RASSF4	False
RASSF5	
RASSF7	False
RASSF8	
RASSF9	False
RAVER1	
RAVER2	False
RAX	False
RAX2	
RB1	True
RB1CC1	
RBAK	False
RBBP4	
RBBP5	
RBBP6	
RBBP7	
RBBP8	
RBBP9	False
RBCK1	False
RBFOX2	False
RBL1	
RBL2	
RBM10	True
RBM11	False
RBM12	
RBM14	False
RBM17	False
RBM19	False
RBM23	False
RBM39	
RBM4	False
RBM41	False
RBM42	False
RBM48	False
RBM4B	False
RBM5	
RBM7	
RBM8A	
RBMS1	False
RBMS2	False
RBMX	
RBMXL2	False
RBMY1A1	False
RBP1	
RBP2	False
RBP3	False
RBP4	False
RBPJ	
RBPMS	False
RBSN	False
RBX1	
RCAN1	False
RCAN2	
RCAN3	False
RCBTB2	False
RCC1	
RCC2	
RCHY1	
RCN1	False
RCN2	False
RCN3	False
RCOR1	False
RCOR2	False
RCOR3	False
RCVRN	False
RDH5	False
RDX	
RECK	
RECQL	True
RECQL4	True
RECQL5	
REEP6	False
REG1A	
REG1B	False
REG3A	
REL	True
RELA	
RELB	
RELL1	False
RELL2	False
RELN	
RELT	False
REM1	
REN	
RENBP	False
REPS1	False
REPS2	
RER1	False
RERE	
RESF1	
REST	True
RET	True
RETN	False
RETREG2	False
REV1	False
REV3L	
REX1BD	False
REXO1	False
REXO4	False
RFC1	
RFC2	False
RFC3	
RFC4	
RFC5	
RFFL	False
RFK	False
RFLNA	
RFLNB	
RFX1	False
RFX2	
RFX3	False
RFX4	False
RFX5	
RFX6	
RFXANK	
RFXAP	
RGCC	
RGL1	
RGL2	False
RGL4	False
RGMA	False
RGN	False
RGPD5	False
RGR	
RGS1	
RGS10	False
RGS11	False
RGS12	
RGS13	False
RGS14	False
RGS16	False
RGS17	
RGS18	
RGS19	
RGS2	
RGS20	False
RGS3	
RGS4	False
RGS5	False
RGS6	False
RGS7	True
RGS9	False
RGS9BP	False
RHAG	False
RHBDF1	False
RHBDL2	False
RHEB	True
RHEBL1	False
RHO	
RHOA	True
RHOB	
RHOC	
RHOD	False
RHOG	
RHOH	True
RHOJ	False
RHOQ	False
RHOT2	False
RHOU	False
RHOXF2	False
RHPN1	False
RHPN2	
RIBC2	False
RIC8A	False
RIC8B	False
RICTOR	True
RIF1	False
RILP	False
RILPL2	False
RIMS1	
RIMS2	
RIN1	False
RIN2	False
RIN3	False
RING1	False
RINT1	False
RIOK1	False
RIOX2	
RIPK1	
RIPK2	
RIPK3	False
RIPK4	False
RIT1	True
RIT2	
RLBP1	
RLF	
RLIM	
RLN1	False
RLN2	
RLN3	False
RMDN3	False
RMND5A	False
RMND5B	
RNASE1	False
RNASE2	False
RNASE6	False
RNASEL	
RND1	False
RND2	False
RND3	
RNF10	False
RNF11	
RNF111	
RNF114	False
RNF115	False
RNF123	False
RNF126	False
RNF128	False
RNF130	False
RNF138	False
RNF139	
RNF14	False
RNF141	False
RNF144A	False
RNF144B	
RNF146	
RNF168	
RNF183	False
RNF19A	False
RNF2	False
RNF216	
RNF220	
RNF25	False
RNF31	False
RNF32	False
RNF34	False
RNF4	
RNF40	
RNF41	False
RNF5	False
RNF7	
RNF8	False
RNGTT	False
RNH1	False
RNMT	False
RNPEP	False
RNPS1	False
RO60	
ROBO1	True
ROBO2	True
ROBO4	False
ROCK1	
ROCK2	
ROGDI	False
ROM1	
ROPN1	False
ROPN1B	False
ROPN1L	False
ROR2	
RORA	False
RORB	False
RORC	
ROS1	True
RP1	
RP2	
RP9	
RPA1	
RPA2	
RPA3	
RPA4	False
RPAP3	False
RPE	
RPE65	
RPGR	
RPGRIP1	
RPH3A	
RPH3AL	
RPIA	
RPL10	True
RPL10A	False
RPL11	
RPL12	False
RPL13	False
RPL13A	
RPL14	False
RPL15	False
RPL17	False
RPL18A	
RPL21	False
RPL22	True
RPL23	False
RPL23A	False
RPL24	False
RPL26	
RPL28	
RPL29	
RPL3	False
RPL30	False
RPL31	
RPL35A	
RPL36	False
RPL37A	False
RPL38	False
RPL4	False
RPL41	False
RPL5	True
RPL6	False
RPL7	False
RPL7A	False
RPL8	False
RPL9	False
RPLP0	False
RPLP1	False
RPLP2	False
RPN1	True
RPN2	False
RPP14	False
RPP21	False
RPP25	False
RPP30	False
RPP38	
RPP40	False
RPRD1B	
RPRD2	False
RPS10	
RPS11	False
RPS13	
RPS14	False
RPS15	
RPS15A	False
RPS16	False
RPS18	False
RPS19	
RPS19BP1	False
RPS2	
RPS20	False
RPS21	False
RPS25	False
RPS26	
RPS27	
RPS27A	
RPS28	False
RPS3	False
RPS3A	
RPS4X	False
RPS6	
RPS6KA1	
RPS6KA2	False
RPS6KA3	
RPS6KA4	True
RPS6KA5	
RPS6KA6	
RPS6KB1	
RPS6KB2	True
RPS6KC1	False
RPS7	
RPS8	False
RPS9	False
RPSA	False
RPTOR	True
RRAD	
RRAGA	False
RRAGB	False
RRAGC	True
RRAGD	False
RRAS	True
RRAS2	True
RRBP1	False
RREB1	
RRH	False
RRM1	
RRM2	
RRM2B	
RRN3	False
RRP12	False
RRP1B	False
RRP8	False
RRP9	
RRS1	
RSBN1	
RSF1	
RSL24D1	False
RSPH14	
RSRC1	False
RSRC2	False
RSRP1	
RSU1	False
RTKN	False
RTL8A	False
RTL8C	False
RTN1	False
RTN3	False
RTN4	
RTN4IP1	
RTN4R	False
RTN4RL1	False
RTRAF	False
RUBCN	False
RUFY1	
RUFY2	False
RUFY3	False
RUNDC3A	False
RUNX1	True
RUNX1T1	True
RUNX2	
RUNX3	
RUSC1	False
RUSC2	
RUVBL1	
RUVBL2	
RWDD1	False
RWDD2B	False
RWDD3	False
RWDD4	False
RXFP1	False
RXFP2	
RXFP4	False
RXRA	
RXRB	
RXRG	
RYBP	True
RYK	
RYR1	
RYR2	
RYR3	
S100A1	
S100A10	
S100A11	False
S100A12	False
S100A13	
S100A14	
S100A16	False
S100A2	
S100A4	
S100A6	
S100A7	True
S100A8	
S100A9	
S100B	
S100P	
S100Z	False
S1PR1	
S1PR2	
S1PR3	False
S1PR4	
S1PR5	False
SAA1	
SAA2	
SAA4	False
SAAL1	False
SACM1L	False
SACS	
SAE1	False
SAFB	False
SAFB2	False
SAG	
SALL1	
SALL2	False
SAMD3	False
SAMD4A	False
SAMD4B	False
SAMD8	False
SAMM50	
SAMSN1	False
SAP130	False
SAP18	False
SAP30	
SAP30BP	False
SAP30L	False
SAR1A	False
SARAF	False
SARNP	
SARS2	False
SART1	False
SART3	
SASH3	False
SAT1	False
SAT2	False
SATB1	
SATB2	
SAV1	
SBF1	False
SCAF1	
SCAF11	False
SCAMP1	False
SCAMP2	False
SCAMP3	False
SCAMP5	False
SCAND1	False
SCAP	False
SCAPER	
SCARB1	
SCARB2	
SCARF1	False
SCARF2	False
SCD	
SCEL	False
SCFD1	False
SCG2	False
SCG3	False
SCG5	True
SCGB1A1	False
SCGB1D1	False
SCGB1D2	False
SCGB2A1	False
SCGB2A2	False
SCGB3A1	False
SCGB3A2	False
SCGN	False
SCHIP1	False
SCIN	
SCLT1	
SCMH1	False
SCN10A	
SCN1B	
SCN2A	
SCN3A	
SCN3B	
SCN4A	
SCN4B	
SCN5A	
SCN8A	False
SCNM1	False
SCNN1A	
SCNN1B	
SCNN1D	False
SCNN1G	
SCOC	False
SCP2	False
SCRIB	False
SCT	False
SCTR	False
SCUBE1	False
SCUBE2	False
SCUBE3	
SCYL1	
SCYL2	
SCYL3	False
SDC1	
SDC2	
SDC3	
SDC4	True
SDCBP	
SDCBP2	False
SDHAF2	True
SDHB	True
SDSL	False
SEC11A	False
SEC13	False
SEC14L1	
SEC14L2	False
SEC16A	
SEC16B	False
SEC22B	False
SEC23A	False
SEC23B	
SEC23IP	False
SEC24A	False
SEC24B	False
SEC24C	False
SEC24D	False
SEC31A	
SEC61A1	False
SEC61A2	False
SEC61B	False
SEC62	False
SEC63	
SECISBP2	False
SECTM1	False
SEL1L3	False
SELE	
SELENBP1	False
SELL	False
SELP	
SELPLG	False
SEM1	False
SEMA3A	
SEMA3B	
SEMA3C	
SEMA3F	
SEMA4A	
SEMA4B	
SEMA4C	False
SEMA4D	
SEMA4F	False
SEMA4G	False
SEMA6A	
SEMA6D	
SEMA7A	False
SEMG1	
SEMG2	
SENP1	False
SENP2	
SENP3	False
SENP6	False
SENP8	False
SEPHS1	False
SEPTIN1	False
SEPTIN11	
SEPTIN2	
SEPTIN3	False
SEPTIN4	False
SEPTIN5	
SEPTIN6	
SEPTIN7	
SEPTIN8	False
SEPTIN9	
SERBP1	
SERF2	False
SERGEF	False
SERP1	False
SERP2	
SERPINA1	
SERPINA10	False
SERPINA3	False
SERPINA4	
SERPINA5	False
SERPINA7	False
SERPINB1	
SERPINB12	False
SERPINB13	
SERPINB2	
SERPINB3	True
SERPINB4	
SERPINB6	False
SERPINB8	False
SERPINB9	False
SERPINC1	
SERPIND1	False
SERPINE1	
SERPINE2	False
SERPINF1	
SERPINF2	False
SERPING1	
SERPINH1	
SERPINI1	False
SERPINI2	False
SERTAD1	False
SERTAD2	False
SERTAD3	False
SESN1	True
SESN2	True
SET	True
SETBP1	True
SETD2	True
SETD5	
SETD7	
SETDB1	True
SEZ6	False
SF1	
SF3A1	False
SF3A2	False
SF3A3	False
SF3B1	True
SF3B2	
SF3B3	
SF3B4	False
SFI1	False
SFMBT1	False
SFN	False
SFPQ	True
SFRP1	True
SFRP2	True
SFTPA1	
SFTPA2	
SFTPB	
SFTPD	False
SGCA	
SGCB	
SGCD	
SGCE	
SGCG	
SGCZ	
SGF29	False
SGK1	True
SGK2	False
SGK3	False
SGMS1	
SGO1	
SGO2	False
SGSM2	False
SGSM3	False
SGTA	False
SGTB	False
SH2B1	False
SH2B2	
SH2B3	True
SH2D1A	True
SH2D1B	False
SH2D2A	False
SH2D3A	False
SH2D3C	False
SH2D4A	False
SH3BGR	False
SH3BGRL3	False
SH3BP1	False
SH3BP2	
SH3BP4	False
SH3BP5	False
SH3BP5L	False
SH3D19	False
SH3GL1	True
SH3GL2	
SH3GL3	False
SH3GLB1	
SH3GLB2	False
SH3KBP1	False
SH3PXD2A	
SH3RF1	False
SH3RF3	False
SH3YL1	False
SHANK1	
SHANK2	
SHANK3	False
SHARPIN	False
SHB	False
SHBG	
SHC1	
SHC2	
SHC3	
SHC4	
SHCBP1	False
SHD	False
SHE	
SHF	
SHH	
SHISA5	
SHKBP1	
SHMT1	False
SHMT2	
SHOC2	True
SHOX	False
SHPRH	
SHROOM2	False
SHROOM3	
SHTN1	
SI	
SIAH1	
SIAH2	
SIGIRR	False
SIGLEC1	False
SIGLEC10	False
SIGLEC11	False
SIGLEC12	False
SIGLEC14	False
SIGLEC5	False
SIGLEC6	False
SIGLEC7	False
SIGMAR1	False
SIK1	
SIK2	False
SIK3	
SIKE1	False
SIL1	
SIM1	False
SIM2	False
SIMC1	False
SIN3A	
SIN3B	
SINHCAF	False
SIPA1	
SIPA1L1	False
SIRPA	True
SIRPB1	
SIRT1	
SIRT2	False
SIRT3	
SIRT6	
SIRT7	False
SIT1	False
SIVA1	
SIX1	True
SIX2	True
SIX3	
SIX4	
SIX5	
SIX6	
SKA1	False
SKA2	False
SKAP1	False
SKAP2	False
SKI	True
SKIL	
SKIV2L	False
SKP1	
SKP2	
SLA	False
SLA2	False
SLAMF1	
SLAMF6	
SLAMF7	False
SLBP	False
SLC12A1	
SLC12A2	False
SLC12A3	
SLC12A4	False
SLC12A6	
SLC12A9	False
SLC15A1	
SLC15A2	
SLC16A1	
SLC16A10	False
SLC16A2	
SLC16A3	
SLC16A8	False
SLC17A1	False
SLC17A7	False
SLC18A2	False
SLC1A1	False
SLC1A2	
SLC1A3	
SLC1A4	
SLC1A5	
SLC1A6	
SLC22A1	
SLC22A11	
SLC22A12	False
SLC22A2	
SLC22A24	False
SLC22A3	
SLC22A4	
SLC22A5	
SLC22A6	False
SLC22A9	False
SLC24A1	False
SLC25A10	False
SLC25A11	False
SLC25A17	
SLC25A20	False
SLC25A3	False
SLC25A34	False
SLC25A36	False
SLC25A38	False
SLC25A4	
SLC25A5	False
SLC25A6	False
SLC26A3	
SLC26A6	False
SLC26A8	False
SLC27A5	False
SLC27A6	False
SLC29A1	
SLC2A1	
SLC2A2	
SLC2A3	False
SLC2A4	
SLC30A3	False
SLC30A9	False
SLC34A1	
SLC35A2	False
SLC35E1	False
SLC35F6	False
SLC35G2	
SLC37A1	False
SLC38A2	
SLC38A3	
SLC39A1	
SLC39A11	False
SLC39A2	
SLC3A1	
SLC3A2	False
SLC40A1	
SLC4A1	
SLC4A1AP	False
SLC4A2	
SLC4A3	False
SLC4A4	
SLC4A7	False
SLC4A8	False
SLC50A1	False
SLC5A1	False
SLC5A7	
SLC6A1	False
SLC6A12	False
SLC6A2	
SLC6A3	
SLC6A4	False
SLC6A5	False
SLC6A8	
SLC6A9	
SLC7A10	False
SLC7A11	False
SLC7A5	
SLC7A7	
SLC7A8	False
SLC8A1	False
SLC8A2	False
SLC8A3	False
SLC9A1	
SLC9A2	
SLC9A3	
SLC9A3R1	
SLC9A3R2	False
SLC9A5	False
SLC9A6	
SLC9A7	False
SLCO1A2	False
SLCO1C1	False
SLCO3A1	False
SLIT1	False
SLIT2	
SLIT3	
SLK	False
SLN	False
SLPI	
SLU7	False
SLX1A	False
SLX4	True
SMAD1	
SMAD2	True
SMAD3	True
SMAD4	True
SMAD5	False
SMAD6	
SMAD7	
SMAD9	
SMAP1	
SMARCA1	
SMARCA2	True
SMARCA4	True
SMARCA5	False
SMARCB1	True
SMARCC1	False
SMARCC2	False
SMARCD1	True
SMARCD2	False
SMARCD3	False
SMARCE1	True
SMC1A	True
SMC1B	
SMC2	
SMC3	True
SMC4	
SMCP	False
SMG1	True
SMG5	
SMG6	
SMG7	
SMIM14	False
SMIM3	False
SMN1	
SMN2	
SMNDC1	False
SMO	True
SMPD1	
SMPD2	False
SMPD4	False
SMPDL3A	False
SMS	
SMTN	
SMUG1	
SMURF1	
SMURF2	
SMYD1	False
SMYD2	
SMYD3	True
SNAI1	
SNAP23	False
SNAP25	False
SNAP29	False
SNAP91	False
SNAPC1	False
SNAPC2	False
SNAPC3	
SNAPC4	False
SNAPC5	False
SNAPIN	False
SNCA	
SNCAIP	
SNCB	False
SNCG	
SND1	True
SNF8	False
SNIP1	False
SNPH	False
SNRK	
SNRNP200	
SNRNP40	False
SNRNP70	False
SNRPA	
SNRPA1	False
SNRPB	False
SNRPB2	False
SNRPC	False
SNRPD1	False
SNRPD2	
SNRPD3	
SNRPE	False
SNRPF	False
SNRPG	False
SNRPN	
SNTA1	
SNTB1	
SNTB2	
SNTG1	False
SNTG2	False
SNU13	False
SNUPN	False
SNW1	
SNX1	False
SNX13	False
SNX15	False
SNX17	False
SNX18	False
SNX19	
SNX2	False
SNX20	
SNX22	False
SNX24	False
SNX27	False
SNX3	False
SNX33	False
SNX4	False
SNX5	
SNX6	False
SNX7	
SNX9	False
SOBP	False
SOCS1	True
SOCS2	
SOCS3	True
SOCS5	False
SOCS6	
SOCS7	False
SOD1	
SOD2	
SOD3	False
SOHLH2	
SON	
SORBS1	False
SORBS2	
SORBS3	False
SORCS1	
SORCS3	False
SORD	False
SORL1	
SORT1	
SOS1	True
SOS2	
SOSTDC1	False
SOX1	False
SOX10	
SOX11	
SOX13	False
SOX17	True
SOX18	False
SOX2	True
SOX3	
SOX30	False
SOX4	
SOX5	
SOX6	False
SOX7	False
SOX8	
SOX9	True
SP1	
SP100	False
SP110	
SP140	True
SP2	False
SP3	False
SP4	False
SPA17	
SPACA9	False
SPAG1	False
SPAG16	False
SPAG4	False
SPAG5	False
SPAG6	False
SPAG7	False
SPAG8	False
SPAG9	False
SPARC	
SPARCL1	False
SPART	
SPAST	
SPATA2	False
SPATA20	False
SPATA46	False
SPATC1	False
SPATC1L	
SPC25	False
SPCS2	False
SPDEF	False
SPDL1	False
SPDYA	False
SPEF1	False
SPEN	True
SPG21	
SPG7	
SPHK1	
SPHK2	False
SPHKAP	
SPI1	
SPIB	
SPIN1	False
SPINK1	
SPINK5	
SPINK7	
SPINT1	
SPINT2	
SPN	
SPNS1	False
SPOCK1	False
SPOCK2	False
SPOCK3	False
SPON1	False
SPOP	True
SPP1	
SPR	False
SPRED1	True
SPRED2	False
SPRR1A	False
SPRR2A	False
SPRR2C	False
SPRR3	False
SPRTN	True
SPRY1	
SPRY2	
SPRY4	False
SPSB1	False
SPTA1	
SPTAN1	
SPTB	
SPTBN1	False
SPTBN2	
SPTBN4	
SPTLC1	
SPTLC2	
SPTSSA	False
SQSTM1	
SRA1	False
SRC	True
SRCAP	
SRCIN1	False
SREBF1	False
SREBF2	False
SREK1	False
SRF	False
SRFBP1	False
SRGAP1	False
SRGAP2	False
SRGAP3	
SRGN	False
SRI	
SRP14	False
SRP19	False
SRP54	False
SRP68	False
SRP72	False
SRP9	False
SRPK1	False
SRPK2	
SRPK3	False
SRPRA	False
SRPRB	False
SRPX2	
SRRM1	False
SRRM2	False
SRRT	
SRSF1	
SRSF10	False
SRSF11	False
SRSF2	True
SRSF3	True
SRSF4	False
SRSF5	
SRSF6	
SRSF7	False
SRSF8	False
SRSF9	
SRY	
SS18	True
SS18L1	True
SSB	
SSBP1	
SSBP2	
SSBP3	
SSBP4	
SSH1	
SSH2	False
SSH3	
SSNA1	False
SSPN	
SSPOP	False
SSR1	False
SSR2	False
SSR3	False
SSR4	False
SSRP1	False
SST	False
SSTR1	False
SSTR2	
SSTR3	False
SSTR4	False
SSTR5	False
SSX2	True
SSX2IP	
SSX3	False
SSX4	True
ST13	
ST14	
ST3GAL2	False
ST3GAL3	
ST3GAL4	False
ST6GAL1	
ST6GALNAC2	False
ST6GALNAC6	False
ST7	False
ST8SIA2	False
ST8SIA3	False
ST8SIA4	
STAB1	
STAC2	False
STAC3	False
STAG1	True
STAG2	True
STAM	False
STAM2	
STAMBP	False
STAMBPL1	False
STAP1	False
STAP2	False
STAR	
STARD13	
STARD9	False
STAT1	
STAT2	
STAT3	True
STAT4	
STAT5A	True
STAT5B	True
STAT6	True
STATH	False
STAU1	False
STAU2	False
STBD1	False
STC2	False
STEAP3	False
STIL	True
STIM1	
STIM2	
STIP1	False
STK11	True
STK11IP	
STK16	False
STK19	True
STK24	False
STK25	False
STK3	False
STK35	False
STK36	False
STK38	False
STK38L	
STK39	False
STK4	
STK40	
STMN1	
STMN2	False
STMN3	False
STMN4	False
STN1	False
STOM	False
STOML2	
STOML3	False
STON2	False
STRADA	
STRADB	False
STRAP	
STRBP	False
STRN	True
STRN3	False
STRN4	False
STT3A	False
STUB1	
STX11	
STX12	False
STX16	
STX17	False
STX18	False
STX1A	False
STX1B	False
STX2	
STX3	False
STX4	
STX5	False
STX6	False
STX7	False
STX8	False
STXBP1	
STXBP2	
STXBP3	False
STXBP4	False
STXBP5	False
STXBP6	False
STYX	False
STYXL1	False
SUB1	False
SUCLA2	False
SUCLG1	
SUCLG2	
SUDS3	False
SUFU	True
SUGP2	False
SUGT1	False
SULT1E1	False
SULT2B1	
SUMF2	False
SUMO1	False
SUMO2	False
SUMO3	False
SUMO4	False
SUN1	False
SUPT16H	False
SUPT20H	False
SUPT3H	
SUPT4H1	False
SUPT5H	False
SUPT7L	
SUPV3L1	False
SURF2	False
SUSD1	False
SUV39H1	
SUV39H2	False
SUZ12	True
SV2A	False
SV2B	False
SVEP1	False
SVIL	False
SWAP70	
SYCP3	False
SYK	True
SYMPK	False
SYN1	False
SYN2	
SYN3	False
SYNC	False
SYNCRIP	
SYNDIG1	False
SYNE1	
SYNE2	
SYNE3	
SYNGAP1	
SYNJ1	False
SYNJ2	False
SYNJ2BP	False
SYNM	False
SYNPO	False
SYNRG	
SYP	
SYPL1	False
SYT1	False
SYT11	False
SYT13	False
SYT14	
SYT16	False
SYT17	False
SYT2	False
SYT3	False
SYT4	
SYT5	False
SYT6	False
SYT7	False
SYT8	False
SYT9	False
SYTL1	
SYTL2	
SYTL3	
SYTL4	
SYTL5	
SYVN1	False
TAB1	False
TAB2	False
TAB3	
TAC1	
TAC3	False
TAC4	False
TACC1	
TACC2	
TACC3	
TACO1	
TACR1	False
TACR2	False
TACR3	False
TADA2A	False
TADA3	False
TAF1	
TAF10	False
TAF11	
TAF12	False
TAF13	False
TAF15	True
TAF1A	False
TAF1B	False
TAF1C	False
TAF1D	False
TAF1L	
TAF2	False
TAF3	False
TAF4	
TAF4B	False
TAF5	False
TAF6	False
TAF6L	False
TAF7	False
TAF7L	False
TAF8	False
TAF9	False
TAF9B	False
TAFAZZIN	
TAGLN	
TAL1	True
TAL2	True
TALDO1	
TAMALIN	False
TANC1	False
TANGO6	False
TANK	False
TAOK1	False
TAOK2	False
TAOK3	False
TAP1	
TAP2	
TAPBP	False
TARBP2	False
TARDBP	
TARS1	False
TASOR	False
TASOR2	False
TASP1	False
TAX1BP1	False
TAX1BP3	False
TBC1D1	False
TBC1D10A	
TBC1D10C	False
TBC1D17	False
TBC1D25	False
TBC1D3C	False
TBC1D3F	False
TBC1D4	False
TBC1D5	False
TBC1D7	
TBC1D8	False
TBCB	False
TBCD	
TBCE	False
TBK1	
TBL1X	
TBL1XR1	True
TBL3	False
TBP	
TBPL1	False
TBR1	
TBRG1	False
TBRG4	False
TBX19	False
TBX2	
TBX4	
TBX5	False
TBXA2R	False
TCAF1	
TCAP	
TCEA1	True
TCEA2	False
TCEAL1	False
TCEAL9	False
TCERG1	
TCF12	True
TCF20	False
TCF21	
TCF25	False
TCF3	True
TCF4	
TCF7L1	
TCF7L2	True
TCFL5	False
TCHP	False
TCL1A	True
TCL1B	True
TCL6	
TCOF1	
TCP1	False
TCP10L	False
TCP10L3	False
TCTA	
TDG	
TDGF1	
TDH	False
TDO2	False
TDP1	
TDP2	False
TDRD7	False
TEAD1	False
TEAD2	False
TEAD3	False
TEAD4	False
TEC	True
TEDC2	
TEF	False
TEFM	False
TEK	
TEKT4	False
TELO2	False
TENM1	False
TENT5A	False
TENT5B	False
TENT5C	True
TENT5D	
TEP1	
TERF1	False
TERF2	
TERF2IP	False
TERT	True
TES	False
TESC	
TESK1	False
TESK2	False
TEX10	False
TEX11	False
TEX28	False
TEX37	False
TEX9	False
TF	False
TFAM	False
TFAP2A	
TFAP2B	
TFAP2C	
TFB1M	False
TFB2M	False
TFCP2	False
TFCP2L1	False
TFDP1	
TFDP2	
TFE3	True
TFEB	True
TFEC	False
TFF1	
TFG	True
TFIP11	False
TFPI	
TFPI2	False
TFPT	
TFR2	
TFRC	
TG	
TGFA	
TGFB1	
TGFB1I1	False
TGFB2	
TGFB3	
TGFBI	
TGFBR1	True
TGFBR2	True
TGFBR3	
TGFBRAP1	
TGIF1	
TGIF2	False
TGM1	
TGM2	
TGM3	False
TGOLN2	False
TGS1	
TH	
THAP1	
THAP10	False
THAP11	False
THAP12	
THAP4	False
THAP7	False
THAP8	False
THBD	
THBS1	
THBS2	
THBS3	
THEG	False
THEM4	False
THG1L	False
THNSL2	False
THOC1	False
THOC5	
THOC7	
THOP1	False
THPO	
THRA	
THRAP3	
THRB	
THUMPD3	False
THY1	
TIA1	
TIAF1	False
TIAL1	
TIAM1	
TIAM2	False
TICAM1	
TICAM2	
TIE1	
TIFA	False
TIFAB	False
TIMELESS	False
TIMM13	False
TIMM17A	
TIMM17B	False
TIMM22	False
TIMM23	False
TIMM44	False
TIMM50	False
TIMM8A	False
TIMP1	
TIMP2	
TIMP3	
TIMP4	False
TINAG	False
TINAGL1	False
TINF2	
TIPARP	
TIPIN	
TIRAP	
TJAP1	False
TJP1	
TJP2	
TJP3	False
TK1	
TKT	
TKTL2	
TLCD3A	
TLE1	
TLE2	
TLE3	
TLE4	
TLE5	False
TLK1	False
TLK2	False
TLL1	
TLN1	False
TLN2	False
TLNRD1	False
TLR1	False
TLR10	False
TLR2	
TLR3	
TLR4	
TLR5	
TLR6	
TLR7	
TLR8	False
TLR9	
TLX1	True
TLX2	False
TLX3	True
TM2D1	False
TM4SF1	
TM9SF2	False
TMBIM6	
TMCC2	False
TMCO6	False
TMED1	False
TMED10	False
TMED2	False
TMEM102	False
TMEM11	False
TMEM120A	False
TMEM123	False
TMEM132A	False
TMEM139	False
TMEM147	
TMEM161A	False
TMEM19	False
TMEM214	False
TMEM216	
TMEM222	False
TMEM230	False
TMEM241	False
TMEM256	False
TMEM259	False
TMEM33	False
TMEM39B	False
TMEM43	
TMEM50A	False
TMEM51	False
TMEM62	False
TMEM67	
TMEM70	False
TMEM8B	False
TMEM9	False
TMEM9B	False
TMF1	False
TMOD1	False
TMOD2	False
TMPO	
TMPRSS11A	
TMPRSS15	False
TMPRSS3	
TMPRSS6	
TMSB10	
TMSB4X	
TMSB4XP1	False
TMSB4Y	False
TNC	True
TNF	
TNFAIP1	
TNFAIP3	True
TNFAIP6	
TNFAIP8	
TNFAIP8L1	False
TNFRSF10A	
TNFRSF10B	
TNFRSF10C	False
TNFRSF10D	False
TNFRSF11A	
TNFRSF11B	
TNFRSF12A	False
TNFRSF13B	
TNFRSF13C	
TNFRSF14	True
TNFRSF17	True
TNFRSF18	False
TNFRSF19	False
TNFRSF1A	
TNFRSF1B	
TNFRSF21	
TNFRSF25	False
TNFRSF4	False
TNFRSF6B	
TNFRSF8	
TNFRSF9	False
TNFSF10	
TNFSF11	
TNFSF12	False
TNFSF13	False
TNFSF13B	
TNFSF14	False
TNFSF15	
TNFSF18	
TNFSF4	
TNFSF8	
TNFSF9	False
TNIK	False
TNIP1	False
TNIP2	False
TNK1	False
TNK2	False
TNKS	
TNKS1BP1	False
TNKS2	
TNNC1	
TNNC2	False
TNNI1	False
TNNI2	False
TNNI3	
TNNI3K	False
TNNT1	
TNNT2	
TNNT3	False
TNPO1	
TNPO2	
TNPO3	False
TNR	
TNRC6B	
TNS1	False
TNS2	False
TNXB	
TOB1	
TOB2	
TOE1	False
TOLLIP	False
TOM1	False
TOM1L1	False
TOM1L2	False
TOMM20	False
TOMM22	False
TOMM34	False
TOMM40	False
TOMM7	False
TOMM70	False
TOP1	True
TOP2A	
TOP2B	
TOP3A	False
TOP3B	False
TOPBP1	False
TOPORS	
TOR1A	
TOR1AIP1	False
TOR1AIP2	False
TOR1B	
TOX2	False
TOX4	False
TP53	True
TP53AIP1	
TP53BP1	True
TP53BP2	
TP53I3	False
TP53INP1	
TP53RK	
TP53TG1	False
TP63	True
TP73	
TPBG	
TPD52	
TPD52L1	False
TPD52L2	False
TPD52L3	False
TPGS2	False
TPH1	False
TPI1	False
TPM1	
TPM2	
TPM3	True
TPM4	True
TPO	
TPP1	
TPPP	False
TPR	True
TPRKB	False
TPRN	False
TPST1	False
TPST2	False
TPT1	False
TPX2	
TRA	True
TRA2A	False
TRA2B	False
TRADD	False
TRAF1	
TRAF2	
TRAF3	True
TRAF3IP1	False
TRAF3IP2	
TRAF3IP3	
TRAF4	
TRAF5	True
TRAF6	
TRAF7	True
TRAFD1	False
TRAIP	
TRAK1	
TRAK2	False
TRAM1	False
TRAM2	False
TRAP1	
TRAPPC11	False
TRAPPC14	False
TRAPPC2	
TRAPPC2L	
TRAPPC3	False
TRAPPC4	False
TRAPPC6A	False
TRAT1	
TRB	True
TRDMT1	False
TRDN	False
TREM1	False
TREM2	
TREML1	False
TRERF1	
TREX1	
TREX2	False
TRH	False
TRHDE	
TRHR	
TRIAP1	
TRIB1	
TRIB2	
TRIB3	False
TRIM11	False
TRIM16	False
TRIM17	False
TRIM2	False
TRIM21	False
TRIM22	False
TRIM23	
TRIM24	True
TRIM25	False
TRIM27	True
TRIM28	
TRIM29	False
TRIM3	False
TRIM31	False
TRIM32	
TRIM33	True
TRIM37	
TRIM38	False
TRIM39	False
TRIM41	False
TRIM46	False
TRIM5	False
TRIM51	
TRIM54	False
TRIM55	False
TRIM59	False
TRIM6	False
TRIM62	
TRIM63	False
TRIM69	False
TRIM7	False
TRIM8	False
TRIM9	False
TRIO	
TRIOBP	
TRIP10	False
TRIP11	True
TRIP12	
TRIP13	True
TRIP4	False
TRIP6	False
TRIR	False
TRIT1	False
TRMT1	False
TRMT6	False
TRMT61A	False
TRO	
TROAP	False
TRPC1	False
TRPC3	False
TRPC4	False
TRPC4AP	False
TRPC5	False
TRPC6	
TRPC7	
TRPM2	
TRPM6	
TRPM7	
TRPS1	
TRPT1	False
TRPV1	
TRPV2	
TRPV4	
TRPV5	
TRPV6	
TRRAP	True
TSACC	False
TSC1	True
TSC2	True
TSC22D1	
TSC22D3	False
TSC22D4	False
TSEN15	False
TSEN2	False
TSEN34	False
TSG101	
TSGA10	False
TSHB	False
TSHR	True
TSKS	False
TSKU	False
TSLP	False
TSN	
TSNAX	False
TSNAXIP1	False
TSPAN1	
TSPAN15	False
TSPAN3	False
TSPAN4	False
TSPAN6	False
TSPAN7	
TSPO	False
TSPOAP1	
TSPY1	
TSPYL1	
TSPYL2	
TSPYL4	
TSR2	False
TSSC4	False
TSSK1B	False
TSSK2	False
TSSK3	False
TSSK4	False
TSSK6	False
TST	False
TTBK1	False
TTC1	False
TTC14	
TTC17	False
TTC19	False
TTC27	False
TTC28	False
TTC3	False
TTC37	False
TTC8	
TTF1	False
TTF2	False
TTK	
TTLL5	
TTN	
TTPAL	False
TTR	
TUB	False
TUBA1A	
TUBA1B	False
TUBA1C	
TUBA3C	
TUBA4A	
TUBA4B	
TUBA8	
TUBB	False
TUBB1	
TUBB3	False
TUBB4A	False
TUBB4B	False
TUBG1	False
TUBG2	False
TUBGCP2	False
TUBGCP3	False
TUBGCP4	False
TUFM	False
TUFT1	False
TULP2	False
TUSC3	
TWF1	False
TWF2	False
TWIST1	
TWIST2	
TWNK	
TWSG1	False
TXK	False
TXLNA	False
TXLNB	False
TXLNG	False
TXN	
TXNDC11	False
TXNDC17	False
TXNDC9	False
TXNIP	
TXNL1	False
TXNL4A	False
TXNL4B	False
TXNRD1	
TXNRD2	
TYK2	True
TYMSOS	False
TYR	
TYRO3	
TYROBP	
TYRP1	
U2AF1	True
U2AF2	
UACA	
UBA1	False
UBA2	
UBA3	False
UBA5	False
UBA52	
UBA6	
UBA7	
UBAC1	
UBAC2	
UBALD1	False
UBAP2L	False
UBASH3A	False
UBASH3B	False
UBB	
UBC	
UBD	
UBE2A	
UBE2B	False
UBE2C	
UBE2D1	
UBE2D2	
UBE2D3	False
UBE2D4	False
UBE2E1	False
UBE2E2	False
UBE2E3	False
UBE2G1	False
UBE2G2	False
UBE2H	False
UBE2I	
UBE2J1	False
UBE2J2	
UBE2K	False
UBE2L3	False
UBE2L6	False
UBE2M	False
UBE2N	False
UBE2O	False
UBE2Q1	False
UBE2R2	False
UBE2V1	False
UBE2V2	False
UBE2W	False
UBE2Z	False
UBE3A	
UBE3C	False
UBE4A	False
UBE4B	False
UBL5	False
UBL7	
UBLCP1	False
UBN1	False
UBOX5	False
UBP1	False
UBQLN1	False
UBQLN2	
UBQLN4	False
UBR1	
UBR2	
UBR4	False
UBR5	True
UBR7	False
UBTF	False
UBXN1	False
UBXN11	False
UBXN2B	False
UBXN4	False
UBXN6	False
UCHL1	
UCHL3	False
UCHL5	
UCN	False
UCN2	False
UCN3	False
UCP1	False
UCP2	False
UCP3	
UFD1	False
UFSP2	False
UGCG	False
UGDH	False
UGP2	False
UGT2B7	False
UHMK1	
UHRF1	False
UHRF2	
UIMC1	False
ULBP1	False
ULBP3	False
ULK1	
ULK2	
UMOD	
UMPS	
UNC119	
UNC13B	False
UNC13D	
UNC45A	False
UNC5A	False
UNC5B	False
UNC5C	
UNC5CL	False
UNG	
UNKL	False
UPF1	
UPF2	False
UPF3A	False
UPF3B	
UPK1A	False
UPK1B	False
UPK2	False
UPK3A	
UPK3B	False
UPP1	False
UPP2	False
UPRT	False
UQCRB	False
UQCRC1	False
UQCRC2	
UQCRFS1	False
UQCRQ	False
URB2	
URGCP	False
URI1	False
URM1	False
UROS	
USB1	
USE1	False
USF1	
USF2	False
USH1C	
USH1G	
USH2A	
USHBP1	False
USO1	False
USP1	
USP10	
USP11	False
USP13	
USP16	
USP18	False
USP2	False
USP20	False
USP21	False
USP25	
USP28	
USP33	False
USP37	False
USP39	
USP4	
USP40	False
USP45	False
USP47	False
USP49	False
USP5	
USP53	False
USP54	False
USP6	True
USP6NL	False
USP7	
USP8	True
USP9X	
USP9Y	
UTF1	False
UTP14A	False
UTP20	
UTP25	False
UTP3	
UTP6	False
UTRN	False
UTS2	
UTS2B	False
UTS2R	False
UTY	False
UVRAG	
UXS1	False
UXT	False
VAC14	
VAMP1	False
VAMP2	False
VAMP3	False
VAMP4	
VAMP7	False
VAMP8	
VANGL1	
VANGL2	False
VAPA	False
VAPB	
VARS1	False
VASN	False
VASP	False
VAV1	True
VAV2	True
VAV3	
VBP1	False
VCAM1	False
VCAN	
VCL	
VCP	
VCPIP1	
VDAC1	
VDAC2	False
VDAC3	False
VDR	
VEGFA	True
VEGFB	
VEGFC	
VEGFD	
VEPH1	
VEZT	False
VGLL1	False
VGLL2	False
VGLL4	False
VHL	True
VHLL	False
VIL1	False
VIM	
VIP	
VIPAS39	
VIPR1	False
VIPR2	False
VLDLR	False
VNN2	False
VPREB1	False
VPREB3	False
VPS11	False
VPS13D	False
VPS16	False
VPS18	False
VPS25	False
VPS26B	False
VPS28	False
VPS29	False
VPS33A	False
VPS33B	False
VPS35	
VPS36	False
VPS37A	False
VPS37B	False
VPS37C	False
VPS37D	False
VPS39	False
VPS41	False
VPS45	
VPS4A	False
VPS4B	False
VPS52	False
VPS53	
VPS72	False
VPS8	False
VRK1	
VRK2	
VSIG4	False
VSIR	False
VSNL1	False
VSTM2L	
VSX2	
VTA1	False
VTCN1	
VTI1A	
VTI1B	False
VTN	
VWA1	False
VWA8	False
VWF	
WAC	
WAPL	
WARS1	False
WAS	True
WASF1	
WASF2	
WASF3	
WASHC2C	False
WASHC3	False
WASL	False
WBP1	False
WBP11	
WBP2	False
WBP4	
WDCP	True
WDR1	False
WDR12	
WDR13	False
WDR18	False
WDR24	
WDR25	False
WDR3	False
WDR33	False
WDR37	False
WDR4	False
WDR44	False
WDR47	False
WDR5	False
WDR6	False
WDR61	False
WDR62	
WDR7	
WDR74	
WDR77	
WDR83	False
WDR89	False
WDR91	False
WDR97	False
WDTC1	
WEE1	
WFDC2	False
WFIKKN2	False
WFS1	
WHRN	
WIPF1	False
WIPF2	
WIPF3	False
WIPI1	False
WIPI2	False
WIZ	False
WNK1	
WNK2	True
WNK4	
WNT1	
WNT2	
WNT3	
WNT3A	
WNT4	
WNT5A	
WNT5B	
WNT6	
WNT7A	
WNT7B	
WRN	True
WRNIP1	False
WSB2	False
WT1	True
WTAP	False
WTIP	
WWC1	
WWOX	
WWP1	True
WWP2	False
WWTR1	True
XAB2	False
XAF1	
XAGE2	False
XBP1	True
XCL1	False
XCL2	
XCR1	False
XDH	
XIAP	True
XIRP1	
XK	
XPA	True
XPC	True
XPNPEP1	False
XPO1	True
XPO4	
XPO5	False
XPO6	False
XPO7	False
XPOT	False
XRCC1	False
XRCC2	True
XRCC3	
XRCC4	False
XRCC5	
XRCC6	
XRN1	
XRN2	False
YAE1	
YAF2	False
YAP1	True
YARS1	
YBX1	
YBX3	
YEATS4	
YES1	True
YIF1A	False
YIPF2	False
YIPF3	False
YIPF4	False
YIPF5	False
YIPF6	False
YJU2B	False
YKT6	False
YLPM1	False
YME1L1	False
YRDC	False
YTHDC1	False
YWHAB	False
YWHAE	True
YWHAG	False
YWHAH	False
YWHAQ	False
YWHAZ	False
YY1	True
YY1AP1	
ZAP70	
ZBED1	False
ZBED5	False
ZBTB11	False
ZBTB12	False
ZBTB14	False
ZBTB16	True
ZBTB17	
ZBTB18	False
ZBTB2	False
ZBTB21	False
ZBTB22	False
ZBTB24	False
ZBTB25	False
ZBTB3	False
ZBTB32	False
ZBTB33	
ZBTB38	False
ZBTB43	False
ZBTB44	False
ZBTB45	False
ZBTB48	
ZBTB5	
ZBTB6	False
ZBTB7A	
ZBTB7B	
ZBTB8A	False
ZC2HC1C	False
ZC3H10	False
ZC3H11A	
ZC3H12A	
ZC3H14	False
ZC3H7A	False
ZC3H7B	False
ZC4H2	
ZCCHC10	False
ZCCHC12	
ZCCHC13	False
ZCCHC14	False
ZCCHC17	False
ZCCHC7	False
ZCCHC8	
ZDHHC16	False
ZDHHC17	False
ZDHHC23	False
ZDHHC3	
ZDHHC4	
ZDHHC6	False
ZDHHC7	
ZEB1	True
ZEB2	
ZER1	False
ZFAND2B	False
ZFAND3	False
ZFAND5	False
ZFAND6	False
ZFC3H1	False
ZFHX3	True
ZFP2	False
ZFP36	
ZFP36L1	True
ZFP64	
ZFP91	
ZFPL1	False
ZFPM1	
ZFPM2	
ZFYVE16	False
ZFYVE9	False
ZG16B	False
ZHX1	False
ZHX2	
ZHX3	False
ZIC1	
ZIC2	
ZIC3	
ZIK1	False
ZKSCAN7	False
ZMIZ1	
ZMIZ2	False
ZMYM2	True
ZMYM5	False
ZMYM6	False
ZMYND10	
ZMYND11	False
ZMYND19	False
ZMYND8	
ZNF10	False
ZNF101	False
ZNF106	False
ZNF107	False
ZNF136	False
ZNF142	False
ZNF146	
ZNF148	False
ZNF155	False
ZNF165	
ZNF174	False
ZNF197	False
ZNF20	False
ZNF202	False
ZNF205	False
ZNF208	
ZNF219	False
ZNF227	
ZNF232	False
ZNF239	
ZNF24	
ZNF250	False
ZNF263	False
ZNF274	False
ZNF276	False
ZNF277	False
ZNF287	False
ZNF329	False
ZNF330	False
ZNF334	False
ZNF335	False
ZNF337	False
ZNF33B	False
ZNF341	False
ZNF346	False
ZNF350	False
ZNF354A	False
ZNF365	False
ZNF382	False
ZNF384	True
ZNF396	False
ZNF397	False
ZNF398	False
ZNF408	False
ZNF41	
ZNF410	False
ZNF414	False
ZNF417	False
ZNF423	
ZNF426	False
ZNF439	False
ZNF44	False
ZNF440	False
ZNF446	False
ZNF451	
ZNF461	False
ZNF467	False
ZNF473	False
ZNF484	False
ZNF488	False
ZNF496	False
ZNF510	False
ZNF518A	False
ZNF521	True
ZNF557	False
ZNF558	
ZNF559	False
ZNF580	False
ZNF581	False
ZNF585B	False
ZNF587	False
ZNF592	
ZNF593	False
ZNF594	False
ZNF598	False
ZNF607	False
ZNF609	False
ZNF622	False
ZNF638	
ZNF639	False
ZNF646	False
ZNF652	False
ZNF653	False
ZNF655	
ZNF670	False
ZNF675	False
ZNF679	False
ZNF689	False
ZNF691	False
ZNF7	False
ZNF707	False
ZNF709	False
ZNF74	False
ZNF76	False
ZNF764	False
ZNF8	False
ZNF804A	
ZNF821	False
ZNF83	False
ZNF91	False
ZNFX1	False
ZNHIT1	False
ZNHIT3	False
ZNHIT6	False
ZNRD2	False
ZNRF3	True
ZP2	False
ZP3	False
ZP4	False
ZPBP	False
ZPR1	
ZRANB1	False
ZRANB2	False
ZRSR2	True
ZSCAN16	False
ZSCAN20	False
ZSCAN21	False
ZSCAN32	False
ZSCAN4	
ZSCAN9	False
ZSWIM2	False
ZSWIM7	
ZSWIM8	False
ZUP1	False
ZW10	False
ZWILCH	
ZWINT	
ZXDC	False
ZYG11B	False
ZYX	False
ZZEF1	
